sample_id,case_id,field_name,field_class,declared_type,selection_probability
EXT-01-ed5aa669382f,1,country,categorical,categorical,0.10526315789473684
EXT-01-88d69f9f616a,1,study_design,categorical,categorical,0.10526315789473684
EXT-01-930e194a7cab,1,study_design,categorical,categorical,0.10526315789473684
EXT-01-ef6739a42108,1,comparison,categorical,categorical,0.10526315789473684
EXT-01-70e6c594ef22,1,study_design,categorical,categorical,0.10526315789473684
EXT-01-37ce4aba66fb,1,study_design,categorical,categorical,0.10526315789473684
EXT-01-6fa3cc87f226,1,intervention,categorical,categorical,0.10526315789473684
EXT-01-6c4628b565fa,1,outcome,categorical,categorical,0.10526315789473684
EXT-01-007543d6b2a8,1,population,categorical,categorical,0.10526315789473684
EXT-01-6ad370713099,1,population,categorical,categorical,0.10526315789473684
EXT-01-e43ecc1b169f,1,country,categorical,categorical,1.0
EXT-01-c90084204630,1,intervention,categorical,categorical,1.0
EXT-01-74ff18794044,1,country,categorical,categorical,1.0
EXT-01-08c1b359c821,1,comparison,categorical,categorical,0.29411764705882354
EXT-01-c4a471eaa496,1,comparison,categorical,categorical,0.29411764705882354
EXT-01-83b7f91fb02b,1,comparison,categorical,categorical,0.29411764705882354
EXT-01-bf4ee96d12f4,1,study_design,categorical,categorical,0.29411764705882354
EXT-01-2b34646099d7,1,comparison,categorical,categorical,0.29411764705882354
EXT-01-8169af27df40,1,study_design,categorical,categorical,0.29411764705882354
EXT-01-be33396abce8,1,study_design,categorical,categorical,0.29411764705882354
EXT-01-2244ff325100,1,comparison,categorical,categorical,0.29411764705882354
EXT-01-6e569ed84a54,1,country,categorical,categorical,0.29411764705882354
EXT-01-3b14f3a6cd35,1,comparison,categorical,categorical,0.29411764705882354
EXT-01-1269051f5ac6,1,sample_size,potentially_synthesis_critical,numeric,0.6666666666666666
EXT-01-5ec223c39b66,1,sample_size,potentially_synthesis_critical,numeric,0.6666666666666666
EXT-01-f3a986476ff8,1,sample_size,potentially_synthesis_critical,numeric,0.6666666666666666
EXT-01-54c3614ca241,1,effect_size,potentially_synthesis_critical,numeric,0.6666666666666666
EXT-01-9cef78ed6c7d,1,sample_size,potentially_synthesis_critical,numeric,0.6666666666666666
EXT-01-ca3da2ba3627,1,ci_upper,potentially_synthesis_critical,numeric,0.6666666666666666
EXT-01-5f4bcd06cdd7,1,sample_size,potentially_synthesis_critical,numeric,0.6666666666666666
EXT-01-6cfc68d6fab1,1,ci_lower,potentially_synthesis_critical,numeric,0.6666666666666666
EXT-01-3e7effe3d288,1,ci_lower,potentially_synthesis_critical,numeric,0.6666666666666666
EXT-01-4f22f8bf0a39,1,sample_size,potentially_synthesis_critical,numeric,0.6666666666666666
EXT-01-45b0d1d16071,1,sample_size,potentially_synthesis_critical,numeric,1.0
EXT-01-7896be00e53d,1,ci_lower,potentially_synthesis_critical,numeric,0.1388888888888889
EXT-01-95a115fe7504,1,ci_lower,potentially_synthesis_critical,numeric,0.1388888888888889
EXT-01-e3532b460812,1,ci_upper,potentially_synthesis_critical,numeric,0.1388888888888889
EXT-01-4d3f8bc82b5e,1,effect_size,potentially_synthesis_critical,numeric,0.1388888888888889
EXT-01-d16ca2d03009,1,effect_size,potentially_synthesis_critical,numeric,0.1388888888888889
EXT-01-72278b1c4df3,1,ci_lower,potentially_synthesis_critical,numeric,0.1388888888888889
EXT-01-26b44893be5f,1,sample_size,potentially_synthesis_critical,numeric,0.1388888888888889
EXT-01-dea01b31ef80,1,ci_lower,potentially_synthesis_critical,numeric,0.1388888888888889
EXT-01-e8ff500847c7,1,sample_size,potentially_synthesis_critical,numeric,0.1388888888888889
EXT-01-363dd55b0b25,1,sample_size,potentially_synthesis_critical,numeric,0.1388888888888889
EXT-02-f7e33f154aa4,2,outcome,categorical,categorical,0.03436426116838488
EXT-02-c65840da4bb7,2,population,categorical,categorical,0.03436426116838488
EXT-02-4d564f331512,2,outcome,categorical,categorical,0.03436426116838488
EXT-02-46fc406a6ab2,2,outcome,categorical,categorical,0.03436426116838488
EXT-02-52c29dd15375,2,intervention,categorical,categorical,0.03436426116838488
EXT-02-0eb3dbf62aa3,2,study_design,categorical,categorical,0.03436426116838488
EXT-02-cd58cc5a4348,2,outcome,categorical,categorical,0.03436426116838488
EXT-02-acca206e0c1a,2,study_design,categorical,categorical,0.03436426116838488
EXT-02-00303e36b5eb,2,outcome,categorical,categorical,0.03436426116838488
EXT-02-fb36b35e98dc,2,population,categorical,categorical,0.03436426116838488
EXT-02-4ad14c40e8b6,2,country,categorical,categorical,1.0
EXT-02-393a850bd7a6,2,study_design,categorical,categorical,1.0
EXT-02-5397bb74fea5,2,study_design,categorical,categorical,1.0
EXT-02-d6b3b6dc609a,2,country,categorical,categorical,0.15151515151515152
EXT-02-02d3cbb9f24b,2,country,categorical,categorical,0.15151515151515152
EXT-02-a640bf716768,2,country,categorical,categorical,0.15151515151515152
EXT-02-a6b324611891,2,country,categorical,categorical,0.15151515151515152
EXT-02-fd3ed22c8a46,2,country,categorical,categorical,0.15151515151515152
EXT-02-fba15fa47f9a,2,country,categorical,categorical,0.15151515151515152
EXT-02-bb927eff742d,2,country,categorical,categorical,0.15151515151515152
EXT-02-3230599bdeb2,2,country,categorical,categorical,0.15151515151515152
EXT-02-2129103436b8,2,country,categorical,categorical,0.15151515151515152
EXT-02-b4f820f0c41f,2,country,categorical,categorical,0.15151515151515152
EXT-02-07e41b582148,2,ci_upper,potentially_synthesis_critical,numeric,0.078125
EXT-02-896f6c57a84e,2,sample_size,potentially_synthesis_critical,numeric,0.078125
EXT-02-47cf2e521b4c,2,sample_size,potentially_synthesis_critical,numeric,0.078125
EXT-02-421431934a72,2,sample_size,potentially_synthesis_critical,numeric,0.078125
EXT-02-3c608f4bd9d9,2,sample_size,potentially_synthesis_critical,numeric,0.078125
EXT-02-1ef48ce79305,2,sample_size,potentially_synthesis_critical,numeric,0.078125
EXT-02-82487210b1d9,2,sample_size,potentially_synthesis_critical,numeric,0.078125
EXT-02-15ec72e1a207,2,effect_size,potentially_synthesis_critical,numeric,0.078125
EXT-02-8f70af6699e9,2,sample_size,potentially_synthesis_critical,numeric,0.078125
EXT-02-6830204d657a,2,effect_size,potentially_synthesis_critical,numeric,0.078125
EXT-02-889204475651,2,effect_size,potentially_synthesis_critical,numeric,1.0
EXT-02-0d5b77f6c757,2,effect_size,potentially_synthesis_critical,numeric,1.0
EXT-02-9f8ddf1d5c5e,2,sample_size,potentially_synthesis_critical,numeric,1.0
EXT-02-954b3d790b91,2,ci_upper,potentially_synthesis_critical,numeric,0.06369426751592357
EXT-02-c72f40e8b6df,2,effect_size,potentially_synthesis_critical,numeric,0.06369426751592357
EXT-02-9821b0278546,2,ci_lower,potentially_synthesis_critical,numeric,0.06369426751592357
EXT-02-80c57fb772f7,2,ci_lower,potentially_synthesis_critical,numeric,0.06369426751592357
EXT-02-2ec0d1ff2ee0,2,effect_size,potentially_synthesis_critical,numeric,0.06369426751592357
EXT-02-627ec7e54ea0,2,effect_size,potentially_synthesis_critical,numeric,0.06369426751592357
EXT-02-e9a99d543316,2,ci_upper,potentially_synthesis_critical,numeric,0.06369426751592357
EXT-02-fe951dbb9109,2,ci_lower,potentially_synthesis_critical,numeric,0.06369426751592357
EXT-02-3323c83d9bb4,2,ci_upper,potentially_synthesis_critical,numeric,0.06369426751592357
EXT-02-0e5db8c82011,2,ci_upper,potentially_synthesis_critical,numeric,0.06369426751592357
EXT-03-bc28bdfd6187,3,study_design,categorical,categorical,0.004001600640256103
EXT-03-d67822e58f77,3,study_design,categorical,categorical,0.004001600640256103
EXT-03-295d4df77287,3,outcome,categorical,categorical,0.004001600640256103
EXT-03-645cfe977fd9,3,country,categorical,categorical,0.004001600640256103
EXT-03-e85051d5d730,3,study_design,categorical,categorical,0.004001600640256103
EXT-03-3815dc5193a4,3,study_design,categorical,categorical,0.004001600640256103
EXT-03-09f77f3db035,3,drug,categorical,categorical,0.004001600640256103
EXT-03-6e0a2418d8d9,3,outcome,categorical,categorical,0.004001600640256103
EXT-03-1571c555476c,3,outcome,categorical,categorical,0.004001600640256103
EXT-03-f2885f3fdd55,3,outcome,categorical,categorical,0.004001600640256103
EXT-03-6469f793925c,3,outcome,categorical,categorical,0.4166666666666667
EXT-03-0395076d83df,3,drug,categorical,categorical,0.4166666666666667
EXT-03-a247207faf6e,3,outcome,categorical,categorical,0.4166666666666667
EXT-03-e994df94c0e6,3,study_design,categorical,categorical,0.4166666666666667
EXT-03-684f8675e98e,3,study_design,categorical,categorical,0.4166666666666667
EXT-03-07d596f5d843,3,outcome,categorical,categorical,0.4166666666666667
EXT-03-1d6a35304333,3,outcome,categorical,categorical,0.4166666666666667
EXT-03-273234bab299,3,outcome,categorical,categorical,0.4166666666666667
EXT-03-6cb4ab172fb8,3,outcome,categorical,categorical,0.4166666666666667
EXT-03-5e35b52b4ec5,3,study_design,categorical,categorical,0.4166666666666667
EXT-03-84a873cd6a73,3,study_design,categorical,categorical,1.0
EXT-03-dc2d0c7f9803,3,drug,categorical,categorical,1.0
EXT-03-3d4ff3ac2077,3,country,categorical,categorical,1.0
EXT-03-6f31e497f313,3,drug,categorical,categorical,1.0
EXT-03-48ab78d9a77e,3,drug,categorical,categorical,1.0
EXT-03-86d0e5166426,3,country,categorical,categorical,1.0
EXT-03-2c463888b2fa,3,drug,categorical,categorical,1.0
EXT-03-0aed91fae3f9,3,drug,categorical,categorical,1.0
EXT-03-fba559d7b933,3,country,categorical,categorical,0.012004801920768308
EXT-03-99d268186ed5,3,country,categorical,categorical,0.012004801920768308
EXT-03-87bc7621460d,3,country,categorical,categorical,0.012004801920768308
EXT-03-d347430ed50e,3,country,categorical,categorical,0.012004801920768308
EXT-03-3340e6122354,3,country,categorical,categorical,0.012004801920768308
EXT-03-e0b6682b4065,3,country,categorical,categorical,0.012004801920768308
EXT-03-b12e96d27575,3,country,categorical,categorical,0.012004801920768308
EXT-03-fb3ac32bf1aa,3,country,categorical,categorical,0.012004801920768308
EXT-03-8b8f2db9beb8,3,country,categorical,categorical,0.012004801920768308
EXT-03-8bf5a22d1f3a,3,country,categorical,categorical,0.012004801920768308
EXT-03-bc690ed51bd1,3,follow_up_years,other_numeric,numeric,0.03546099290780142
EXT-03-e7baff387104,3,follow_up_years,other_numeric,numeric,0.03546099290780142
EXT-03-0ffcb0ef0cdf,3,follow_up_years,other_numeric,numeric,0.03546099290780142
EXT-03-b10de1c1f7ab,3,follow_up_years,other_numeric,numeric,0.03546099290780142
EXT-03-ea19803730cb,3,follow_up_years,other_numeric,numeric,0.03546099290780142
EXT-03-c698d92d6890,3,follow_up_years,other_numeric,numeric,0.03546099290780142
EXT-03-b1516f9a8ff0,3,follow_up_years,other_numeric,numeric,0.03546099290780142
EXT-03-e24f38058d7e,3,follow_up_years,other_numeric,numeric,0.03546099290780142
EXT-03-242c123e6910,3,follow_up_years,other_numeric,numeric,0.03546099290780142
EXT-03-55a60dbb5df2,3,follow_up_years,other_numeric,numeric,0.03546099290780142
EXT-03-1511a97782d0,3,follow_up_years,other_numeric,numeric,0.43478260869565216
EXT-03-848330fd8252,3,follow_up_years,other_numeric,numeric,0.43478260869565216
EXT-03-65fba8ca28ca,3,follow_up_years,other_numeric,numeric,0.43478260869565216
EXT-03-e92cb1d6a948,3,follow_up_years,other_numeric,numeric,0.43478260869565216
EXT-03-d7baa0f5ea47,3,follow_up_years,other_numeric,numeric,0.43478260869565216
EXT-03-a2ad92ccfd2d,3,follow_up_years,other_numeric,numeric,0.43478260869565216
EXT-03-996328e92301,3,follow_up_years,other_numeric,numeric,0.43478260869565216
EXT-03-aeab3405099f,3,follow_up_years,other_numeric,numeric,0.43478260869565216
EXT-03-14098b9e7fbf,3,follow_up_years,other_numeric,numeric,0.43478260869565216
EXT-03-7312e77ef871,3,follow_up_years,other_numeric,numeric,0.43478260869565216
EXT-03-b22d81552d9d,3,follow_up_years,other_numeric,numeric,1.0
EXT-03-a24f3b902011,3,follow_up_years,other_numeric,numeric,1.0
EXT-03-2c9091a76207,3,follow_up_years,other_numeric,numeric,1.0
EXT-03-fa3a129f572b,3,follow_up_years,other_numeric,numeric,1.0
EXT-03-952a7220fb78,3,follow_up_years,other_numeric,numeric,1.0
EXT-03-58d9977210af,3,follow_up_years,other_numeric,numeric,1.0
EXT-03-d361f499e4a9,3,follow_up_years,other_numeric,numeric,1.0
EXT-03-b8546f9becfc,3,follow_up_years,other_numeric,numeric,1.0
EXT-03-957efdc4e352,3,follow_up_years,other_numeric,numeric,1.0
EXT-03-11fcc1740721,3,follow_up_years,other_numeric,numeric,1.0
EXT-03-baf1ae7fae3a,3,follow_up_years,other_numeric,numeric,0.019011406844106463
EXT-03-7de1716c45ca,3,follow_up_years,other_numeric,numeric,0.019011406844106463
EXT-03-13af57ad855b,3,follow_up_years,other_numeric,numeric,0.019011406844106463
EXT-03-905c9db636a2,3,follow_up_years,other_numeric,numeric,0.019011406844106463
EXT-03-ac9939d590f4,3,follow_up_years,other_numeric,numeric,0.019011406844106463
EXT-03-2378a557ef46,3,follow_up_years,other_numeric,numeric,0.019011406844106463
EXT-03-60221cd2694a,3,follow_up_years,other_numeric,numeric,0.019011406844106463
EXT-03-04a54a244522,3,follow_up_years,other_numeric,numeric,0.019011406844106463
EXT-03-948d23884219,3,follow_up_years,other_numeric,numeric,0.019011406844106463
EXT-03-687a1bdc2d26,3,follow_up_years,other_numeric,numeric,0.019011406844106463
EXT-03-3371d815fb4c,3,sample_size,potentially_synthesis_critical,numeric,0.0060901339829476245
EXT-03-388c7a2a05cc,3,ci_upper,potentially_synthesis_critical,numeric,0.0060901339829476245
EXT-03-6115e1583c83,3,hazard_ratio,potentially_synthesis_critical,numeric,0.0060901339829476245
EXT-03-e592d68d7a5d,3,ci_lower,potentially_synthesis_critical,numeric,0.0060901339829476245
EXT-03-d71666b67610,3,ci_upper,potentially_synthesis_critical,numeric,0.0060901339829476245
EXT-03-a0ce31d0050c,3,ci_lower,potentially_synthesis_critical,numeric,0.0060901339829476245
EXT-03-0f172c90a692,3,ci_upper,potentially_synthesis_critical,numeric,0.0060901339829476245
EXT-03-e40bce090ea2,3,sample_size,potentially_synthesis_critical,numeric,0.0060901339829476245
EXT-03-511cc5a928b5,3,ci_lower,potentially_synthesis_critical,numeric,0.0060901339829476245
EXT-03-25e3cd14cd7a,3,ci_upper,potentially_synthesis_critical,numeric,0.0060901339829476245
EXT-03-8b849356bf19,3,sample_size,potentially_synthesis_critical,numeric,0.5263157894736842
EXT-03-84df453b42e7,3,sample_size,potentially_synthesis_critical,numeric,0.5263157894736842
EXT-03-08d0eef7d91a,3,sample_size,potentially_synthesis_critical,numeric,0.5263157894736842
EXT-03-7d049dc728c7,3,hazard_ratio,potentially_synthesis_critical,numeric,0.5263157894736842
EXT-03-38bdeb52138a,3,sample_size,potentially_synthesis_critical,numeric,0.5263157894736842
EXT-03-a23a6f363e03,3,sample_size,potentially_synthesis_critical,numeric,0.5263157894736842
EXT-03-75a97af99a58,3,sample_size,potentially_synthesis_critical,numeric,0.5263157894736842
EXT-03-e3cf9ae32f71,3,sample_size,potentially_synthesis_critical,numeric,0.5263157894736842
EXT-03-1a7c766a7b93,3,sample_size,potentially_synthesis_critical,numeric,0.5263157894736842
EXT-03-9212eda1b6ab,3,sample_size,potentially_synthesis_critical,numeric,0.5263157894736842
EXT-03-a966c137afcc,3,hazard_ratio,potentially_synthesis_critical,numeric,1.0
EXT-03-f8eead658f33,3,sample_size,potentially_synthesis_critical,numeric,0.6666666666666666
EXT-03-e76d263258dd,3,hazard_ratio,potentially_synthesis_critical,numeric,0.6666666666666666
EXT-03-01a9cb7284c9,3,sample_size,potentially_synthesis_critical,numeric,0.6666666666666666
EXT-03-6123a5b6bcd3,3,ci_upper,potentially_synthesis_critical,numeric,0.6666666666666666
EXT-03-74aaf5f1d00a,3,sample_size,potentially_synthesis_critical,numeric,0.6666666666666666
EXT-03-e13cc41a071a,3,hazard_ratio,potentially_synthesis_critical,numeric,0.6666666666666666
EXT-03-597bf1705cf5,3,sample_size,potentially_synthesis_critical,numeric,0.6666666666666666
EXT-03-7da72ad6c81a,3,sample_size,potentially_synthesis_critical,numeric,0.6666666666666666
EXT-03-4556112b615b,3,ci_lower,potentially_synthesis_critical,numeric,0.6666666666666666
EXT-03-6b8e3861b427,3,sample_size,potentially_synthesis_critical,numeric,0.6666666666666666
EXT-03-585c38c94fba,3,hazard_ratio,potentially_synthesis_critical,numeric,0.9090909090909091
EXT-03-bf815637434a,3,ci_lower,potentially_synthesis_critical,numeric,0.9090909090909091
EXT-03-773cb77b1166,3,ci_upper,potentially_synthesis_critical,numeric,0.9090909090909091
EXT-03-2a07e4c0cb0d,3,ci_lower,potentially_synthesis_critical,numeric,0.9090909090909091
EXT-03-dd56ceba3d24,3,hazard_ratio,potentially_synthesis_critical,numeric,0.9090909090909091
EXT-03-f909fd591fef,3,hazard_ratio,potentially_synthesis_critical,numeric,0.9090909090909091
EXT-03-2c8ee064afaa,3,hazard_ratio,potentially_synthesis_critical,numeric,0.9090909090909091
EXT-03-4e9149df7a56,3,hazard_ratio,potentially_synthesis_critical,numeric,0.9090909090909091
EXT-03-416674a813bf,3,hazard_ratio,potentially_synthesis_critical,numeric,0.9090909090909091
EXT-03-c1e9749d1431,3,ci_upper,potentially_synthesis_critical,numeric,0.9090909090909091
EXT-03-d93cbeb3ad18,3,hazard_ratio,potentially_synthesis_critical,numeric,0.0059665871121718375
EXT-03-831283b1c0a7,3,ci_lower,potentially_synthesis_critical,numeric,0.0059665871121718375
EXT-03-e70a84d94a3f,3,ci_lower,potentially_synthesis_critical,numeric,0.0059665871121718375
EXT-03-3dcee191cd01,3,hazard_ratio,potentially_synthesis_critical,numeric,0.0059665871121718375
EXT-03-e97ec928b95f,3,ci_lower,potentially_synthesis_critical,numeric,0.0059665871121718375
EXT-03-61eb807e2b25,3,ci_upper,potentially_synthesis_critical,numeric,0.0059665871121718375
EXT-03-b0b70693df08,3,ci_upper,potentially_synthesis_critical,numeric,0.0059665871121718375
EXT-03-c19c7dbae355,3,ci_lower,potentially_synthesis_critical,numeric,0.0059665871121718375
EXT-03-5e0cca8325eb,3,ci_upper,potentially_synthesis_critical,numeric,0.0059665871121718375
EXT-03-399aec1c34c1,3,ci_lower,potentially_synthesis_critical,numeric,0.0059665871121718375
EXT-04-968d1449ac53,4,study_design,categorical,categorical,0.0012061271257990593
EXT-04-d8984dac21b3,4,imaging_modality,categorical,categorical,0.0012061271257990593
EXT-04-44cd7bd81a75,4,imaging_modality,categorical,categorical,0.0012061271257990593
EXT-04-757a1d2dc53d,4,imaging_modality,categorical,categorical,0.0012061271257990593
EXT-04-46e3ad3d3b31,4,ai_model_type,categorical,categorical,0.0012061271257990593
EXT-04-ecfa3f13175d,4,study_design,categorical,categorical,0.0012061271257990593
EXT-04-d552020099cf,4,ai_model_type,categorical,categorical,0.0012061271257990593
EXT-04-2b623c7c9fd3,4,study_design,categorical,categorical,0.0012061271257990593
EXT-04-310eeddfd082,4,ai_model_type,categorical,categorical,0.0012061271257990593
EXT-04-79863f65efee,4,task,categorical,categorical,0.0012061271257990593
EXT-04-dd082f4506ba,4,study_design,categorical,categorical,0.1724137931034483
EXT-04-82b011e15661,4,study_design,categorical,categorical,0.1724137931034483
EXT-04-d5dcf9052ad5,4,imaging_modality,categorical,categorical,0.1724137931034483
EXT-04-d065628e8133,4,task,categorical,categorical,0.1724137931034483
EXT-04-6829e4672995,4,ai_model_type,categorical,categorical,0.1724137931034483
EXT-04-dddfc69ee433,4,task,categorical,categorical,0.1724137931034483
EXT-04-e0e81e756ba5,4,study_design,categorical,categorical,0.1724137931034483
EXT-04-49a224d22bc8,4,study_design,categorical,categorical,0.1724137931034483
EXT-04-c6a09326b430,4,imaging_modality,categorical,categorical,0.1724137931034483
EXT-04-ae3c12e26242,4,study_design,categorical,categorical,0.1724137931034483
EXT-04-5b4020448f47,4,study_design,categorical,categorical,0.08403361344537816
EXT-04-b6f20dfd08c6,4,study_design,categorical,categorical,0.08403361344537816
EXT-04-b1f231600eb7,4,study_design,categorical,categorical,0.08403361344537816
EXT-04-998a3ac8cef0,4,study_design,categorical,categorical,0.08403361344537816
EXT-04-3d418d77d008,4,study_design,categorical,categorical,0.08403361344537816
EXT-04-570a7a60b4e3,4,study_design,categorical,categorical,0.08403361344537816
EXT-04-08fb77f68ac9,4,study_design,categorical,categorical,0.08403361344537816
EXT-04-f9c32ee363c5,4,study_design,categorical,categorical,0.08403361344537816
EXT-04-931bd5afdc4b,4,study_design,categorical,categorical,0.08403361344537816
EXT-04-6e6ef8276fba,4,study_design,categorical,categorical,0.08403361344537816
EXT-04-4d532c5adda0,4,ai_model_type,categorical,categorical,1.0
EXT-04-39f3d9934a7c,4,imaging_modality,categorical,categorical,1.0
EXT-04-323adbfdb612,4,imaging_modality,categorical,categorical,1.0
EXT-04-b4f9ff10b33a,4,imaging_modality,categorical,categorical,1.0
EXT-04-e57014208fe7,4,imaging_modality,categorical,categorical,1.0
EXT-04-1d99bd1fcab1,4,imaging_modality,categorical,categorical,1.0
EXT-04-a22d04483be3,4,imaging_modality,categorical,categorical,1.0
EXT-04-f3f150bd4d8e,4,imaging_modality,categorical,categorical,1.0
EXT-04-c53e63fb243c,4,imaging_modality,categorical,categorical,1.0
EXT-04-c35977eedc13,4,study_design,categorical,categorical,0.007698229407236336
EXT-04-d43c2d3b09bf,4,study_design,categorical,categorical,0.007698229407236336
EXT-04-6330234820c4,4,study_design,categorical,categorical,0.007698229407236336
EXT-04-09d0594e9d04,4,study_design,categorical,categorical,0.007698229407236336
EXT-04-e950b319e821,4,study_design,categorical,categorical,0.007698229407236336
EXT-04-e1d709cff760,4,study_design,categorical,categorical,0.007698229407236336
EXT-04-74e692ba4583,4,study_design,categorical,categorical,0.007698229407236336
EXT-04-4df228fe6eb3,4,study_design,categorical,categorical,0.007698229407236336
EXT-04-0ff71d3bf7e0,4,study_design,categorical,categorical,0.007698229407236336
EXT-04-8017700eb531,4,study_design,categorical,categorical,0.007698229407236336
EXT-04-acb6dae24a6c,4,sensitivity,potentially_synthesis_critical,numeric,0.002254283137962128
EXT-04-5dddceedd63e,4,sample_size,potentially_synthesis_critical,numeric,0.002254283137962128
EXT-04-c67fe025ad71,4,sample_size,potentially_synthesis_critical,numeric,0.002254283137962128
EXT-04-a125df42d0e1,4,sample_size,potentially_synthesis_critical,numeric,0.002254283137962128
EXT-04-fee9c5e667fd,4,sample_size,potentially_synthesis_critical,numeric,0.002254283137962128
EXT-04-81c2b05ac8cd,4,specificity,potentially_synthesis_critical,numeric,0.002254283137962128
EXT-04-75c7b4e5ad53,4,auc,potentially_synthesis_critical,numeric,0.002254283137962128
EXT-04-75796a55df74,4,auc,potentially_synthesis_critical,numeric,0.002254283137962128
EXT-04-1f2eca02cfc9,4,sample_size,potentially_synthesis_critical,numeric,0.002254283137962128
EXT-04-ecd2a398a99c,4,specificity,potentially_synthesis_critical,numeric,0.002254283137962128
EXT-04-756b98f937cd,4,auc,potentially_synthesis_critical,numeric,0.03968253968253968
EXT-04-e1ab37341e56,4,auc,potentially_synthesis_critical,numeric,0.03968253968253968
EXT-04-4aefca325252,4,auc,potentially_synthesis_critical,numeric,0.03968253968253968
EXT-04-4c9771372cda,4,auc,potentially_synthesis_critical,numeric,0.03968253968253968
EXT-04-afea95721746,4,sample_size,potentially_synthesis_critical,numeric,0.03968253968253968
EXT-04-b9613c15090e,4,auc,potentially_synthesis_critical,numeric,0.03968253968253968
EXT-04-47f20670b2ed,4,sensitivity,potentially_synthesis_critical,numeric,0.03968253968253968
EXT-04-d92f9e6e7bb5,4,specificity,potentially_synthesis_critical,numeric,0.03968253968253968
EXT-04-23e86adcc371,4,auc,potentially_synthesis_critical,numeric,0.03968253968253968
EXT-04-2c76d2e8b830,4,auc,potentially_synthesis_critical,numeric,0.03968253968253968
EXT-04-474db75c2055,4,sensitivity,potentially_synthesis_critical,numeric,0.38461538461538464
EXT-04-b2165454f1b6,4,auc,potentially_synthesis_critical,numeric,0.38461538461538464
EXT-04-152ad96fc064,4,auc,potentially_synthesis_critical,numeric,0.38461538461538464
EXT-04-797362e3c264,4,auc,potentially_synthesis_critical,numeric,0.38461538461538464
EXT-04-5000e6324ba0,4,sensitivity,potentially_synthesis_critical,numeric,0.38461538461538464
EXT-04-b6fb0a4f1e3a,4,auc,potentially_synthesis_critical,numeric,0.38461538461538464
EXT-04-22d29227c921,4,sensitivity,potentially_synthesis_critical,numeric,0.38461538461538464
EXT-04-f6e7413bc09c,4,auc,potentially_synthesis_critical,numeric,0.38461538461538464
EXT-04-e5695d5ff84b,4,auc,potentially_synthesis_critical,numeric,0.38461538461538464
EXT-04-b6ad8c86d58f,4,specificity,potentially_synthesis_critical,numeric,0.38461538461538464
EXT-04-2e049737f5f5,4,specificity,potentially_synthesis_critical,numeric,1.0
EXT-04-21b88f92cd4c,4,auc,potentially_synthesis_critical,numeric,1.0
EXT-04-8aefa4c7146a,4,auc,potentially_synthesis_critical,numeric,1.0
EXT-04-9b9d5e6abd7f,4,specificity,potentially_synthesis_critical,numeric,1.0
EXT-04-a7e85f15d5de,4,specificity,potentially_synthesis_critical,numeric,1.0
EXT-04-5bd55c2db886,4,specificity,potentially_synthesis_critical,numeric,1.0
EXT-04-ce324f7330ec,4,auc,potentially_synthesis_critical,numeric,1.0
EXT-04-17e9e1a0cd19,4,specificity,potentially_synthesis_critical,numeric,1.0
EXT-04-5e75890e4f22,4,sample_size,potentially_synthesis_critical,numeric,0.0019786307874950534
EXT-04-ed1021029710,4,sensitivity,potentially_synthesis_critical,numeric,0.0019786307874950534
EXT-04-dc6c2ce84cd8,4,sample_size,potentially_synthesis_critical,numeric,0.0019786307874950534
EXT-04-a53a27c3a390,4,sensitivity,potentially_synthesis_critical,numeric,0.0019786307874950534
EXT-04-b481b5181859,4,sensitivity,potentially_synthesis_critical,numeric,0.0019786307874950534
EXT-04-0927c242c615,4,sample_size,potentially_synthesis_critical,numeric,0.0019786307874950534
EXT-04-5b5c095d9f12,4,sensitivity,potentially_synthesis_critical,numeric,0.0019786307874950534
EXT-04-062eceedaa23,4,specificity,potentially_synthesis_critical,numeric,0.0019786307874950534
EXT-04-a77ff62fc493,4,sensitivity,potentially_synthesis_critical,numeric,0.0019786307874950534
EXT-04-5e2796cf2941,4,sample_size,potentially_synthesis_critical,numeric,0.0019786307874950534
EXT-05-a87e338997f9,5,study_design,categorical,categorical,0.005733944954128441
EXT-05-244fbbc6839c,5,programme,categorical,categorical,0.005733944954128441
EXT-05-0c013bc06fc9,5,country,categorical,categorical,0.005733944954128441
EXT-05-ec3b1f39db3c,5,country,categorical,categorical,0.005733944954128441
EXT-05-2cb7bcf1b967,5,programme,categorical,categorical,0.005733944954128441
EXT-05-87898bd7baf7,5,country,categorical,categorical,0.005733944954128441
EXT-05-441c3deeedc7,5,programme,categorical,categorical,0.005733944954128441
EXT-05-897a44fc88ef,5,outcome,categorical,categorical,0.005733944954128441
EXT-05-948db1d57518,5,programme,categorical,categorical,0.005733944954128441
EXT-05-4fcbf8924ffb,5,programme,categorical,categorical,0.005733944954128441
EXT-05-39eaadc348d4,5,country,categorical,categorical,1.0
EXT-05-16aad6137b53,5,study_design,categorical,categorical,1.0
EXT-05-5820ab3be0b8,5,programme,categorical,categorical,1.0
EXT-05-3a57f4858224,5,country,categorical,categorical,1.0
EXT-05-f58b6a2574d7,5,programme,categorical,categorical,1.0
EXT-05-8b0936d67cf6,5,study_design,categorical,categorical,1.0
EXT-05-1f69a3fc7676,5,outcome,categorical,categorical,1.0
EXT-05-44e35db30349,5,programme,categorical,categorical,1.0
EXT-05-e4501ffb93fa,5,outcome,categorical,categorical,1.0
EXT-05-6d017cb0d2f3,5,study_design,categorical,categorical,1.0
EXT-05-f9bfe0b95a07,5,country,categorical,categorical,1.0
EXT-05-08f3cf6a17a0,5,study_design,categorical,categorical,1.0
EXT-05-2a025f0c3f20,5,study_design,categorical,categorical,1.0
EXT-05-e65acb7becb4,5,study_design,categorical,categorical,0.08403361344537816
EXT-05-659fcdc73144,5,study_design,categorical,categorical,0.08403361344537816
EXT-05-092c48557335,5,study_design,categorical,categorical,0.08403361344537816
EXT-05-6ba0c0de56d6,5,country,categorical,categorical,0.08403361344537816
EXT-05-8831ecc61e3e,5,study_design,categorical,categorical,0.08403361344537816
EXT-05-b89db85709a0,5,country,categorical,categorical,0.08403361344537816
EXT-05-48777f8abe42,5,study_design,categorical,categorical,0.08403361344537816
EXT-05-02b9ad7f99ec,5,study_design,categorical,categorical,0.08403361344537816
EXT-05-861c4d5f6070,5,country,categorical,categorical,0.08403361344537816
EXT-05-e78e614068e1,5,country,categorical,categorical,0.08403361344537816
EXT-05-b76c259f0d5c,5,sample_size,potentially_synthesis_critical,numeric,0.05181347150259067
EXT-05-7b5c8eed08ac,5,effect_size,potentially_synthesis_critical,numeric,0.05181347150259067
EXT-05-8cdaeb9c913f,5,ci_lower,potentially_synthesis_critical,numeric,0.05181347150259067
EXT-05-68430b2e7c32,5,sample_size,potentially_synthesis_critical,numeric,0.05181347150259067
EXT-05-d6f9f4c32598,5,ci_upper,potentially_synthesis_critical,numeric,0.05181347150259067
EXT-05-6e3e7f2a2f10,5,ci_lower,potentially_synthesis_critical,numeric,0.05181347150259067
EXT-05-2eb9d1385523,5,sample_size,potentially_synthesis_critical,numeric,0.05181347150259067
EXT-05-fe89b6679e81,5,ci_lower,potentially_synthesis_critical,numeric,0.05181347150259067
EXT-05-36c808825472,5,effect_size,potentially_synthesis_critical,numeric,0.05181347150259067
EXT-05-56438086a368,5,sample_size,potentially_synthesis_critical,numeric,0.05181347150259067
EXT-05-694aebc6fb78,5,sample_size,potentially_synthesis_critical,numeric,1.0
EXT-05-4176629a5677,5,sample_size,potentially_synthesis_critical,numeric,1.0
EXT-05-2396170d23fc,5,sample_size,potentially_synthesis_critical,numeric,1.0
EXT-05-4dbf23906104,5,effect_size,potentially_synthesis_critical,numeric,1.0
EXT-05-b2cbf4828b1b,5,sample_size,potentially_synthesis_critical,numeric,1.0
EXT-05-5189522cf1d4,5,sample_size,potentially_synthesis_critical,numeric,1.0
EXT-05-fc91c259dd10,5,ci_lower,potentially_synthesis_critical,numeric,0.005963029218843173
EXT-05-6f58ec798bb5,5,effect_size,potentially_synthesis_critical,numeric,0.005963029218843173
EXT-05-6fdb150ab941,5,effect_size,potentially_synthesis_critical,numeric,0.005963029218843173
EXT-05-7e15f192e386,5,sample_size,potentially_synthesis_critical,numeric,0.005963029218843173
EXT-05-e3e15a0dafce,5,effect_size,potentially_synthesis_critical,numeric,0.005963029218843173
EXT-05-18ec989334c2,5,ci_lower,potentially_synthesis_critical,numeric,0.005963029218843173
EXT-05-77fdd0746048,5,effect_size,potentially_synthesis_critical,numeric,0.005963029218843173
EXT-05-e2867319ea99,5,ci_upper,potentially_synthesis_critical,numeric,0.005963029218843173
EXT-05-9803e77ac62e,5,ci_lower,potentially_synthesis_critical,numeric,0.005963029218843173
EXT-05-02cddead594b,5,ci_lower,potentially_synthesis_critical,numeric,0.005963029218843173
EXT-06-353eba32b199,6,outcome,categorical,categorical,0.004091653027823241
EXT-06-606ff4d70664,6,age_group,categorical,categorical,0.004091653027823241
EXT-06-178a9357c13e,6,study_design,categorical,categorical,0.004091653027823241
EXT-06-5b968b845d78,6,outcome,categorical,categorical,0.004091653027823241
EXT-06-7528ed36aea0,6,country,categorical,categorical,0.004091653027823241
EXT-06-2db25c8bb412,6,outcome,categorical,categorical,0.004091653027823241
EXT-06-9fc3ae002429,6,outcome,categorical,categorical,0.004091653027823241
EXT-06-02ea72ee2776,6,country,categorical,categorical,0.004091653027823241
EXT-06-ae5373050960,6,platform,categorical,categorical,0.004091653027823241
EXT-06-9b9569d6e744,6,platform,categorical,categorical,0.004091653027823241
EXT-06-68c0dfc0be26,6,platform,categorical,categorical,0.37037037037037035
EXT-06-cfd084389dc1,6,platform,categorical,categorical,0.37037037037037035
EXT-06-9195e828429d,6,platform,categorical,categorical,0.37037037037037035
EXT-06-67e87c1a46ac,6,age_group,categorical,categorical,0.37037037037037035
EXT-06-5d2087418c99,6,platform,categorical,categorical,0.37037037037037035
EXT-06-2e48f2684d43,6,study_design,categorical,categorical,0.37037037037037035
EXT-06-7ba165ac84a7,6,platform,categorical,categorical,0.37037037037037035
EXT-06-def9b68b34a5,6,age_group,categorical,categorical,0.37037037037037035
EXT-06-e1976a0accda,6,age_group,categorical,categorical,0.37037037037037035
EXT-06-a327db2f78b5,6,country,categorical,categorical,0.37037037037037035
EXT-06-9f68a4a962dc,6,study_design,categorical,categorical,0.21739130434782608
EXT-06-625ab9cc5ea3,6,study_design,categorical,categorical,0.21739130434782608
EXT-06-9b7334a8f190,6,platform,categorical,categorical,0.21739130434782608
EXT-06-89f897b6c350,6,study_design,categorical,categorical,0.21739130434782608
EXT-06-3a96c50e327e,6,study_design,categorical,categorical,0.21739130434782608
EXT-06-adac8c5524e2,6,study_design,categorical,categorical,0.21739130434782608
EXT-06-e98d2e956598,6,study_design,categorical,categorical,0.21739130434782608
EXT-06-a9c787c7096e,6,study_design,categorical,categorical,0.21739130434782608
EXT-06-414d597a242d,6,study_design,categorical,categorical,0.21739130434782608
EXT-06-174f30128708,6,study_design,categorical,categorical,0.21739130434782608
EXT-06-228b2404c98d,6,country,categorical,categorical,1.0
EXT-06-badad4c3306f,6,country,categorical,categorical,1.0
EXT-06-9f41c4818f66,6,country,categorical,categorical,1.0
EXT-06-a143dbcccf16,6,country,categorical,categorical,0.025
EXT-06-e55ea5b984bc,6,country,categorical,categorical,0.025
EXT-06-78914cfd80e1,6,country,categorical,categorical,0.025
EXT-06-a531d842137f,6,country,categorical,categorical,0.025
EXT-06-c737dc4d2e06,6,study_design,categorical,categorical,0.025
EXT-06-620a8e475878,6,platform,categorical,categorical,0.025
EXT-06-c5046c35f1c1,6,country,categorical,categorical,0.025
EXT-06-7cd996cfdf49,6,platform,categorical,categorical,0.025
EXT-06-44a1a840e14a,6,country,categorical,categorical,0.025
EXT-06-ebfc3bacabfe,6,platform,categorical,categorical,0.025
EXT-06-839d3b5abf4a,6,ci_lower,potentially_synthesis_critical,numeric,0.012804097311139564
EXT-06-3cd6ea7118fd,6,ci_lower,potentially_synthesis_critical,numeric,0.012804097311139564
EXT-06-5c903d300ffa,6,sample_size,potentially_synthesis_critical,numeric,0.012804097311139564
EXT-06-1d5794616cf9,6,effect_size,potentially_synthesis_critical,numeric,0.012804097311139564
EXT-06-b2aaccfc53e8,6,ci_lower,potentially_synthesis_critical,numeric,0.012804097311139564
EXT-06-fcab6804f838,6,ci_lower,potentially_synthesis_critical,numeric,0.012804097311139564
EXT-06-06a2a5ecf202,6,sample_size,potentially_synthesis_critical,numeric,0.012804097311139564
EXT-06-bb13e25694c6,6,sample_size,potentially_synthesis_critical,numeric,0.012804097311139564
EXT-06-47f967673f2e,6,sample_size,potentially_synthesis_critical,numeric,0.012804097311139564
EXT-06-c7ce86cbd945,6,sample_size,potentially_synthesis_critical,numeric,0.012804097311139564
EXT-06-da15b8a5d97c,6,ci_upper,potentially_synthesis_critical,numeric,1.0
EXT-06-4703f98477d9,6,ci_lower,potentially_synthesis_critical,numeric,1.0
EXT-06-1d233be8ea42,6,sample_size,potentially_synthesis_critical,numeric,1.0
EXT-06-6aa9033293b4,6,sample_size,potentially_synthesis_critical,numeric,1.0
EXT-06-e70ff91766b5,6,sample_size,potentially_synthesis_critical,numeric,1.0
EXT-06-b912e4d4ea6d,6,sample_size,potentially_synthesis_critical,numeric,1.0
EXT-06-582e59329bbb,6,sample_size,potentially_synthesis_critical,numeric,1.0
EXT-06-ea316088f125,6,sample_size,potentially_synthesis_critical,numeric,1.0
EXT-06-ca53023aa243,6,sample_size,potentially_synthesis_critical,numeric,1.0
EXT-06-edb62528c3f7,6,effect_size,potentially_synthesis_critical,numeric,1.0
EXT-06-cfb6a8742ae4,6,effect_size,potentially_synthesis_critical,numeric,0.006472491909385114
EXT-06-a424e9aa6b37,6,ci_upper,potentially_synthesis_critical,numeric,0.006472491909385114
EXT-06-518ebffb9251,6,ci_lower,potentially_synthesis_critical,numeric,0.006472491909385114
EXT-06-94f04238a3da,6,ci_lower,potentially_synthesis_critical,numeric,0.006472491909385114
EXT-06-7ea088b2d1b7,6,effect_size,potentially_synthesis_critical,numeric,0.006472491909385114
EXT-06-7b4043c6ad89,6,ci_lower,potentially_synthesis_critical,numeric,0.006472491909385114
EXT-06-745f8879dbdf,6,ci_lower,potentially_synthesis_critical,numeric,0.006472491909385114
EXT-06-6f020cee8292,6,ci_upper,potentially_synthesis_critical,numeric,0.006472491909385114
EXT-06-60e43eab3c98,6,effect_size,potentially_synthesis_critical,numeric,0.006472491909385114
EXT-06-09952d574800,6,effect_size,potentially_synthesis_critical,numeric,0.006472491909385114
EXT-07-e3d2430116f9,7,study_design,categorical,categorical,0.03968253968253968
EXT-07-3b8632e5fe7c,7,programme_type,categorical,categorical,0.03968253968253968
EXT-07-bc03728bc3fd,7,study_design,categorical,categorical,0.03968253968253968
EXT-07-86aba6896713,7,country,categorical,categorical,0.03968253968253968
EXT-07-ef2ab604e3f3,7,country,categorical,categorical,0.03968253968253968
EXT-07-86c6d572f7d4,7,outcome,categorical,categorical,0.03968253968253968
EXT-07-0ad30186fdb3,7,study_design,categorical,categorical,0.03968253968253968
EXT-07-8a1cc108922c,7,study_design,categorical,categorical,0.03968253968253968
EXT-07-98419af07cb1,7,study_design,categorical,categorical,0.03968253968253968
EXT-07-684ad565297c,7,country,categorical,categorical,0.03968253968253968
EXT-07-f3f9863ff5a8,7,country,categorical,categorical,1.0
EXT-07-617056d489da,7,country,categorical,categorical,1.0
EXT-07-8d142e3f52b0,7,outcome,categorical,categorical,1.0
EXT-07-dd51a89670f9,7,study_design,categorical,categorical,0.18867924528301888
EXT-07-cbd2a2412fc7,7,study_design,categorical,categorical,0.18867924528301888
EXT-07-d3b19f14dde7,7,country,categorical,categorical,0.18867924528301888
EXT-07-d95ac826bd7c,7,study_design,categorical,categorical,0.18867924528301888
EXT-07-fd0246db9354,7,study_design,categorical,categorical,0.18867924528301888
EXT-07-77a49c0f19e7,7,study_design,categorical,categorical,0.18867924528301888
EXT-07-71abea0dcfe2,7,country,categorical,categorical,0.18867924528301888
EXT-07-fbacdd3dac0c,7,country,categorical,categorical,0.18867924528301888
EXT-07-85ab2c629370,7,study_design,categorical,categorical,0.18867924528301888
EXT-07-804e8e129f93,7,country,categorical,categorical,0.18867924528301888
EXT-07-a8f3a7f5ecfe,7,follow_up_months,other_numeric,numeric,0.43478260869565216
EXT-07-2a3a5896aeaa,7,follow_up_months,other_numeric,numeric,0.43478260869565216
EXT-07-6f441aca3027,7,follow_up_months,other_numeric,numeric,0.43478260869565216
EXT-07-0c95d108b924,7,follow_up_months,other_numeric,numeric,0.43478260869565216
EXT-07-62383501d439,7,follow_up_months,other_numeric,numeric,0.43478260869565216
EXT-07-35fd291da63f,7,follow_up_months,other_numeric,numeric,0.43478260869565216
EXT-07-8e6e17e002f9,7,follow_up_months,other_numeric,numeric,0.43478260869565216
EXT-07-6d201c71d4e1,7,follow_up_months,other_numeric,numeric,0.43478260869565216
EXT-07-12e746d15ba3,7,follow_up_months,other_numeric,numeric,0.43478260869565216
EXT-07-e8935ce627e3,7,follow_up_months,other_numeric,numeric,0.43478260869565216
EXT-07-61009398b667,7,follow_up_months,other_numeric,numeric,1.0
EXT-07-c15fe9c55253,7,follow_up_months,other_numeric,numeric,0.18867924528301888
EXT-07-72325ef3e6d8,7,follow_up_months,other_numeric,numeric,0.18867924528301888
EXT-07-49b3f69904bc,7,follow_up_months,other_numeric,numeric,0.18867924528301888
EXT-07-bdfee6512a49,7,follow_up_months,other_numeric,numeric,0.18867924528301888
EXT-07-f86ab4ecb079,7,follow_up_months,other_numeric,numeric,0.18867924528301888
EXT-07-630d5dff72df,7,follow_up_months,other_numeric,numeric,0.18867924528301888
EXT-07-edc9a8145653,7,follow_up_months,other_numeric,numeric,0.18867924528301888
EXT-07-cf1fdf987616,7,follow_up_months,other_numeric,numeric,0.18867924528301888
EXT-07-1dc99f36609f,7,follow_up_months,other_numeric,numeric,0.18867924528301888
EXT-07-aaaa30155468,7,follow_up_months,other_numeric,numeric,0.18867924528301888
EXT-07-c293ca2c2c21,7,sample_size,potentially_synthesis_critical,numeric,0.23809523809523808
EXT-07-167f3ad9e708,7,sample_size,potentially_synthesis_critical,numeric,0.23809523809523808
EXT-07-612d3b4c739b,7,recidivism_rate_treatment,potentially_synthesis_critical,numeric,0.23809523809523808
EXT-07-4f0dcdd42b91,7,sample_size,potentially_synthesis_critical,numeric,0.23809523809523808
EXT-07-8c8404805548,7,sample_size,potentially_synthesis_critical,numeric,0.23809523809523808
EXT-07-91b3f2bb0f51,7,sample_size,potentially_synthesis_critical,numeric,0.23809523809523808
EXT-07-47b793b956cd,7,sample_size,potentially_synthesis_critical,numeric,0.23809523809523808
EXT-07-9d256c233083,7,sample_size,potentially_synthesis_critical,numeric,0.23809523809523808
EXT-07-f3c9feed7bd0,7,recidivism_rate_control,potentially_synthesis_critical,numeric,0.23809523809523808
EXT-07-2b9f3517a9b9,7,sample_size,potentially_synthesis_critical,numeric,0.23809523809523808
EXT-07-ace6eabc2afe,7,sample_size,potentially_synthesis_critical,numeric,1.0
EXT-07-04b2b96cec9e,7,recidivism_rate_control,potentially_synthesis_critical,numeric,0.05319148936170213
EXT-07-a582f45d1759,7,recidivism_rate_treatment,potentially_synthesis_critical,numeric,0.05319148936170213
EXT-07-a05dec363006,7,recidivism_rate_control,potentially_synthesis_critical,numeric,0.05319148936170213
EXT-07-eef9fa584fd9,7,recidivism_rate_treatment,potentially_synthesis_critical,numeric,0.05319148936170213
EXT-07-83529bf09bf9,7,recidivism_rate_control,potentially_synthesis_critical,numeric,0.05319148936170213
EXT-07-05296fa6662c,7,recidivism_rate_treatment,potentially_synthesis_critical,numeric,0.05319148936170213
EXT-07-1b7fb2bb46ca,7,recidivism_rate_treatment,potentially_synthesis_critical,numeric,0.05319148936170213
EXT-07-e1cc2455d107,7,recidivism_rate_control,potentially_synthesis_critical,numeric,0.05319148936170213
EXT-07-0f31b7e9b44e,7,recidivism_rate_treatment,potentially_synthesis_critical,numeric,0.05319148936170213
EXT-07-6e5887e5a32c,7,sample_size,potentially_synthesis_critical,numeric,0.05319148936170213
EXT-08-362c635b55e3,8,gap_measure,categorical,categorical,0.01201923076923077
EXT-08-86300d76090b,8,gap_measure,categorical,categorical,0.01201923076923077
EXT-08-4d1b9848e196,8,gap_measure,categorical,categorical,0.01201923076923077
EXT-08-512737a36db8,8,study_design,categorical,categorical,0.01201923076923077
EXT-08-d5edce340c26,8,gap_measure,categorical,categorical,0.01201923076923077
EXT-08-52a53767b750,8,country,categorical,categorical,0.01201923076923077
EXT-08-4570fbe12d14,8,country,categorical,categorical,0.01201923076923077
EXT-08-33988613e0eb,8,gap_measure,categorical,categorical,0.01201923076923077
EXT-08-6b7aafaa6aac,8,country,categorical,categorical,0.01201923076923077
EXT-08-385e1fbfc16d,8,gap_measure,categorical,categorical,0.01201923076923077
EXT-08-9e23ac053d00,8,country,categorical,categorical,0.6666666666666666
EXT-08-baece4783cd1,8,sector,categorical,categorical,0.6666666666666666
EXT-08-e2534ace0680,8,country,categorical,categorical,0.6666666666666666
EXT-08-0a2772d64f01,8,country,categorical,categorical,0.6666666666666666
EXT-08-d2d5723c076e,8,country,categorical,categorical,0.6666666666666666
EXT-08-1e379c89094c,8,country,categorical,categorical,0.6666666666666666
EXT-08-815ccb07bb04,8,country,categorical,categorical,0.6666666666666666
EXT-08-d6c6ab8a6cac,8,country,categorical,categorical,0.6666666666666666
EXT-08-7e2bc9ebc2a7,8,country,categorical,categorical,0.6666666666666666
EXT-08-2c3ee8f1a744,8,country,categorical,categorical,0.6666666666666666
EXT-08-d5a3f5c850da,8,study_design,categorical,categorical,1.0
EXT-08-bc6981a0a6a9,8,study_design,categorical,categorical,1.0
EXT-08-ef2470e14401,8,study_design,categorical,categorical,1.0
EXT-08-a550fc124757,8,study_design,categorical,categorical,1.0
EXT-08-ba5070c57678,8,study_design,categorical,categorical,1.0
EXT-08-5333995b044f,8,study_design,categorical,categorical,1.0
EXT-08-e267b7a3cc65,8,study_design,categorical,categorical,1.0
EXT-08-fb286566ad9d,8,study_design,categorical,categorical,1.0
EXT-08-aa6fba7298de,8,country,categorical,categorical,0.3448275862068966
EXT-08-128c043c7510,8,country,categorical,categorical,0.3448275862068966
EXT-08-f2f44e888522,8,country,categorical,categorical,0.3448275862068966
EXT-08-3b971226cd11,8,country,categorical,categorical,0.3448275862068966
EXT-08-9acd1f8c7df1,8,country,categorical,categorical,0.3448275862068966
EXT-08-4622f8b7597f,8,country,categorical,categorical,0.3448275862068966
EXT-08-e799eb9a2b38,8,country,categorical,categorical,0.3448275862068966
EXT-08-49c0f2a7cfcf,8,country,categorical,categorical,0.3448275862068966
EXT-08-763a4eaec94b,8,country,categorical,categorical,0.3448275862068966
EXT-08-2c21409a6c07,8,country,categorical,categorical,0.3448275862068966
EXT-08-eb882ea7e448,8,sector,categorical,categorical,0.028735632183908046
EXT-08-5806ee029a17,8,sector,categorical,categorical,0.028735632183908046
EXT-08-17a022d52620,8,sector,categorical,categorical,0.028735632183908046
EXT-08-b36fadd72562,8,country,categorical,categorical,0.028735632183908046
EXT-08-fb8005880008,8,sector,categorical,categorical,0.028735632183908046
EXT-08-8d15ceec2e12,8,sector,categorical,categorical,0.028735632183908046
EXT-08-a0bd9a3fe7e4,8,sector,categorical,categorical,0.028735632183908046
EXT-08-4cbacf67c9fb,8,sector,categorical,categorical,0.028735632183908046
EXT-08-1773230962a1,8,study_design,categorical,categorical,0.028735632183908046
EXT-08-c108c90c626f,8,study_design,categorical,categorical,0.028735632183908046
EXT-08-49880e2b1c53,8,year,other_numeric,numeric,0.08620689655172414
EXT-08-c959efb8a149,8,year,other_numeric,numeric,0.08620689655172414
EXT-08-80394914a590,8,year,other_numeric,numeric,0.08620689655172414
EXT-08-41c270b428cf,8,year,other_numeric,numeric,0.08620689655172414
EXT-08-dda0b2266f88,8,year,other_numeric,numeric,0.08620689655172414
EXT-08-657fd46026e2,8,year,other_numeric,numeric,0.08620689655172414
EXT-08-625f705407b3,8,year,other_numeric,numeric,0.08620689655172414
EXT-08-9569682dbef8,8,year,other_numeric,numeric,0.08620689655172414
EXT-08-c0ea8bf41e19,8,year,other_numeric,numeric,0.08620689655172414
EXT-08-b6d41cdf5e51,8,year,other_numeric,numeric,0.08620689655172414
EXT-08-cc48e27b10bd,8,year,other_numeric,numeric,0.8333333333333334
EXT-08-810694f3d2be,8,year,other_numeric,numeric,0.8333333333333334
EXT-08-5f713f69b2db,8,year,other_numeric,numeric,0.8333333333333334
EXT-08-176ad75497e6,8,year,other_numeric,numeric,0.8333333333333334
EXT-08-7c1e29978501,8,year,other_numeric,numeric,0.8333333333333334
EXT-08-6912b4b58308,8,year,other_numeric,numeric,0.8333333333333334
EXT-08-27beb7121ac0,8,year,other_numeric,numeric,0.8333333333333334
EXT-08-38e531e41338,8,year,other_numeric,numeric,0.8333333333333334
EXT-08-640fc5fce3d7,8,year,other_numeric,numeric,0.8333333333333334
EXT-08-7977d857fd61,8,year,other_numeric,numeric,0.8333333333333334
EXT-08-92263a607f1c,8,year,other_numeric,numeric,1.0
EXT-08-69831d159695,8,year,other_numeric,numeric,1.0
EXT-08-e4b0ddd7a8ac,8,year,other_numeric,numeric,1.0
EXT-08-48e700df5ed9,8,year,other_numeric,numeric,1.0
EXT-08-ebc839f14dad,8,year,other_numeric,numeric,1.0
EXT-08-948d87417b96,8,year,other_numeric,numeric,1.0
EXT-08-6c1d9c4e03ea,8,year,other_numeric,numeric,1.0
EXT-08-89e223467957,8,year,other_numeric,numeric,0.057803468208092484
EXT-08-cc774269b88b,8,year,other_numeric,numeric,0.057803468208092484
EXT-08-0403aabbd690,8,year,other_numeric,numeric,0.057803468208092484
EXT-08-bc05627f981f,8,year,other_numeric,numeric,0.057803468208092484
EXT-08-c00d02657469,8,year,other_numeric,numeric,0.057803468208092484
EXT-08-713d4c34712b,8,year,other_numeric,numeric,0.057803468208092484
EXT-08-c0c788701d20,8,year,other_numeric,numeric,0.057803468208092484
EXT-08-df25d02c530c,8,year,other_numeric,numeric,0.057803468208092484
EXT-08-8877a115ae9c,8,year,other_numeric,numeric,0.057803468208092484
EXT-08-5d761b1b5e2e,8,year,other_numeric,numeric,0.057803468208092484
EXT-08-b744cad601cc,8,gap_percent,potentially_synthesis_critical,numeric,0.14705882352941177
EXT-08-c5606bfb36f2,8,gap_percent,potentially_synthesis_critical,numeric,0.14705882352941177
EXT-08-55bdbd1da423,8,sample_size,potentially_synthesis_critical,numeric,0.14705882352941177
EXT-08-2d2f423a7f52,8,gap_percent,potentially_synthesis_critical,numeric,0.14705882352941177
EXT-08-edde8e5c3f52,8,gap_percent,potentially_synthesis_critical,numeric,0.14705882352941177
EXT-08-78020f34ae8f,8,gap_percent,potentially_synthesis_critical,numeric,0.14705882352941177
EXT-08-e712ae7e6c42,8,gap_percent,potentially_synthesis_critical,numeric,0.14705882352941177
EXT-08-289c5c2b8fbe,8,gap_percent,potentially_synthesis_critical,numeric,0.14705882352941177
EXT-08-4ae1299bdf1f,8,gap_percent,potentially_synthesis_critical,numeric,0.14705882352941177
EXT-08-afd69d5bc58a,8,gap_percent,potentially_synthesis_critical,numeric,0.14705882352941177
EXT-08-47c67df9f969,8,gap_percent,potentially_synthesis_critical,numeric,1.0
EXT-08-2d6484ae12f6,8,gap_percent,potentially_synthesis_critical,numeric,1.0
EXT-08-0661122c8f18,8,gap_percent,potentially_synthesis_critical,numeric,1.0
EXT-08-9ee3a1d22eb6,8,gap_percent,potentially_synthesis_critical,numeric,0.01834862385321101
EXT-08-88848585ebe9,8,sample_size,potentially_synthesis_critical,numeric,0.01834862385321101
EXT-08-e7c3b0c78b11,8,sample_size,potentially_synthesis_critical,numeric,0.01834862385321101
EXT-08-dcdf262f9014,8,gap_percent,potentially_synthesis_critical,numeric,0.01834862385321101
EXT-08-97ddf9333c96,8,gap_percent,potentially_synthesis_critical,numeric,0.01834862385321101
EXT-08-f5aac0eeec6b,8,sample_size,potentially_synthesis_critical,numeric,0.01834862385321101
EXT-08-49a4c37d57df,8,gap_percent,potentially_synthesis_critical,numeric,0.01834862385321101
EXT-08-b8bbfd78e2bf,8,sample_size,potentially_synthesis_critical,numeric,0.01834862385321101
EXT-08-5139d609690b,8,sample_size,potentially_synthesis_critical,numeric,0.01834862385321101
EXT-08-dcbed51bd0e5,8,gap_percent,potentially_synthesis_critical,numeric,0.01834862385321101
EXT-09-e3bfd5f8bf0d,9,system_name,categorical,categorical,0.005243838489774515
EXT-09-663809e707ef,9,subject,categorical,categorical,0.005243838489774515
EXT-09-f9f917a7abe4,9,subject,categorical,categorical,0.005243838489774515
EXT-09-f48356fe74eb,9,subject,categorical,categorical,0.005243838489774515
EXT-09-8ebea6c841cd,9,study_design,categorical,categorical,0.005243838489774515
EXT-09-a1a80b9ed5e9,9,system_name,categorical,categorical,0.005243838489774515
EXT-09-a2b32280421c,9,study_design,categorical,categorical,0.005243838489774515
EXT-09-bfdd95d98acc,9,subject,categorical,categorical,0.005243838489774515
EXT-09-58a1069a75cd,9,system_name,categorical,categorical,0.005243838489774515
EXT-09-37d18eaec316,9,subject,categorical,categorical,0.005243838489774515
EXT-09-6addaa4f1ae3,9,system_name,categorical,categorical,1.0
EXT-09-c03a9b13fb56,9,grade_level,categorical,categorical,1.0
EXT-09-1da09f37c4c6,9,system_name,categorical,categorical,1.0
EXT-09-3e368d1768e1,9,grade_level,categorical,categorical,1.0
EXT-09-56c2a664a743,9,subject,categorical,categorical,1.0
EXT-09-21d1da1f3527,9,system_name,categorical,categorical,1.0
EXT-09-8cb65399082f,9,system_name,categorical,categorical,1.0
EXT-09-897b2cb02b8b,9,subject,categorical,categorical,1.0
EXT-09-26bffd3b8758,9,country,categorical,categorical,1.0
EXT-09-fb35622ea8a1,9,country,categorical,categorical,1.0
EXT-09-0b69cad6e811,9,country,categorical,categorical,1.0
EXT-09-276595074f03,9,grade_level,categorical,categorical,1.0
EXT-09-b3c6c5c0bea9,9,country,categorical,categorical,1.0
EXT-09-9d6b14d742e2,9,subject,categorical,categorical,0.01020408163265306
EXT-09-0905a5c68a7c,9,subject,categorical,categorical,0.01020408163265306
EXT-09-b787f76021bb,9,country,categorical,categorical,0.01020408163265306
EXT-09-fd5b452d5761,9,country,categorical,categorical,0.01020408163265306
EXT-09-6c50c58c2f6f,9,system_name,categorical,categorical,0.01020408163265306
EXT-09-cb2d2ad8751a,9,system_name,categorical,categorical,0.01020408163265306
EXT-09-d7f3949b777d,9,grade_level,categorical,categorical,0.01020408163265306
EXT-09-e2717ce51f5c,9,subject,categorical,categorical,0.01020408163265306
EXT-09-b15c7f27b980,9,country,categorical,categorical,0.01020408163265306
EXT-09-89096519c343,9,system_name,categorical,categorical,0.01020408163265306
EXT-09-dc9744e22af5,9,sample_size,potentially_synthesis_critical,numeric,0.02386634844868735
EXT-09-397892f527bd,9,sample_size,potentially_synthesis_critical,numeric,0.02386634844868735
EXT-09-1e9c078a94cd,9,sample_size,potentially_synthesis_critical,numeric,0.02386634844868735
EXT-09-2882e874b33b,9,effect_size,potentially_synthesis_critical,numeric,0.02386634844868735
EXT-09-06a3ca217ece,9,sample_size,potentially_synthesis_critical,numeric,0.02386634844868735
EXT-09-d3394a1d6d60,9,effect_size,potentially_synthesis_critical,numeric,0.02386634844868735
EXT-09-e79f00a44f7a,9,sample_size,potentially_synthesis_critical,numeric,0.02386634844868735
EXT-09-c120edbebf18,9,ci_upper,potentially_synthesis_critical,numeric,0.02386634844868735
EXT-09-0776ffb3680c,9,sample_size,potentially_synthesis_critical,numeric,0.02386634844868735
EXT-09-b9824b1e72fe,9,sample_size,potentially_synthesis_critical,numeric,0.02386634844868735
EXT-09-31c7e1bda209,9,sample_size,potentially_synthesis_critical,numeric,1.0
EXT-09-f22c65747fd9,9,sample_size,potentially_synthesis_critical,numeric,1.0
EXT-09-2933dfbd2118,9,effect_size,potentially_synthesis_critical,numeric,1.0
EXT-09-937b48543a47,9,ci_upper,potentially_synthesis_critical,numeric,0.005268703898840885
EXT-09-07a1d4ac07b2,9,effect_size,potentially_synthesis_critical,numeric,0.005268703898840885
EXT-09-e01be39ca2f3,9,ci_lower,potentially_synthesis_critical,numeric,0.005268703898840885
EXT-09-06dc086cca03,9,effect_size,potentially_synthesis_critical,numeric,0.005268703898840885
EXT-09-3063c496e71f,9,effect_size,potentially_synthesis_critical,numeric,0.005268703898840885
EXT-09-fbcd6f449501,9,ci_upper,potentially_synthesis_critical,numeric,0.005268703898840885
EXT-09-97061c177eb4,9,ci_lower,potentially_synthesis_critical,numeric,0.005268703898840885
EXT-09-245442873dca,9,ci_upper,potentially_synthesis_critical,numeric,0.005268703898840885
EXT-09-300473af1c2e,9,ci_upper,potentially_synthesis_critical,numeric,0.005268703898840885
EXT-09-bd1904493cc3,9,ci_lower,potentially_synthesis_critical,numeric,0.005268703898840885
EXT-10-5fdec03ec15f,10,game_type,categorical,categorical,0.0070921985815602835
EXT-10-1fdcd428c1c7,10,outcome_measure,categorical,categorical,0.0070921985815602835
EXT-10-a37c258e1c98,10,study_design,categorical,categorical,0.0070921985815602835
EXT-10-40942d6ce984,10,outcome_measure,categorical,categorical,0.0070921985815602835
EXT-10-215dddd8d3a7,10,outcome_measure,categorical,categorical,0.0070921985815602835
EXT-10-5b95b9e2cf17,10,education_level,categorical,categorical,0.0070921985815602835
EXT-10-1e9db67f1aa0,10,outcome_measure,categorical,categorical,0.0070921985815602835
EXT-10-6f929c8c5233,10,game_type,categorical,categorical,0.0070921985815602835
EXT-10-00c853daffd5,10,outcome_measure,categorical,categorical,0.0070921985815602835
EXT-10-3abd3a15cb75,10,study_design,categorical,categorical,0.0070921985815602835
EXT-10-2185941d4cab,10,game_type,categorical,categorical,0.8333333333333334
EXT-10-798447b46315,10,outcome_measure,categorical,categorical,0.8333333333333334
EXT-10-0ab5d484e4fc,10,outcome_measure,categorical,categorical,0.8333333333333334
EXT-10-56209e82670a,10,education_level,categorical,categorical,0.8333333333333334
EXT-10-22d6e5008fd3,10,education_level,categorical,categorical,0.8333333333333334
EXT-10-bdd697357a06,10,outcome_measure,categorical,categorical,0.8333333333333334
EXT-10-a7403e725a2d,10,country,categorical,categorical,0.8333333333333334
EXT-10-cb19e90865dd,10,game_type,categorical,categorical,0.8333333333333334
EXT-10-3b388c5e1659,10,game_type,categorical,categorical,0.8333333333333334
EXT-10-e4a8b6922e0a,10,outcome_measure,categorical,categorical,0.8333333333333334
EXT-10-297c527e1814,10,education_level,categorical,categorical,1.0
EXT-10-082fec0a07ba,10,study_design,categorical,categorical,1.0
EXT-10-8e1f69f237f0,10,education_level,categorical,categorical,1.0
EXT-10-e2dcf141c17c,10,country,categorical,categorical,1.0
EXT-10-7d2f5988a31d,10,country,categorical,categorical,1.0
EXT-10-c108881af85c,10,education_level,categorical,categorical,1.0
EXT-10-fcbde872081f,10,study_design,categorical,categorical,1.0
EXT-10-3a5d77ddd5fe,10,education_level,categorical,categorical,1.0
EXT-10-b7c77a819ccc,10,country,categorical,categorical,1.0
EXT-10-8448c06d9859,10,country,categorical,categorical,1.0
EXT-10-e48de936c22f,10,country,categorical,categorical,1.0
EXT-10-b64d764b913c,10,study_design,categorical,categorical,0.02967359050445104
EXT-10-efbd0de23ab3,10,country,categorical,categorical,0.02967359050445104
EXT-10-5dfe3747c6fb,10,country,categorical,categorical,0.02967359050445104
EXT-10-b325da68c502,10,country,categorical,categorical,0.02967359050445104
EXT-10-028389a44e75,10,study_design,categorical,categorical,0.02967359050445104
EXT-10-411c07a7c4d8,10,country,categorical,categorical,0.02967359050445104
EXT-10-7758c4944885,10,country,categorical,categorical,0.02967359050445104
EXT-10-bf7d3793fce6,10,country,categorical,categorical,0.02967359050445104
EXT-10-d642da85e3a9,10,country,categorical,categorical,0.02967359050445104
EXT-10-e2a1b70d436d,10,country,categorical,categorical,0.02967359050445104
EXT-10-fc7b8db415f5,10,sample_size,potentially_synthesis_critical,numeric,0.04201680672268908
EXT-10-05d2f9f8c032,10,sample_size,potentially_synthesis_critical,numeric,0.04201680672268908
EXT-10-9b3e6341f113,10,sample_size,potentially_synthesis_critical,numeric,0.04201680672268908
EXT-10-d55863b555f5,10,sample_size,potentially_synthesis_critical,numeric,0.04201680672268908
EXT-10-8127225c8bbc,10,sample_size,potentially_synthesis_critical,numeric,0.04201680672268908
EXT-10-622697b543a4,10,sample_size,potentially_synthesis_critical,numeric,0.04201680672268908
EXT-10-1ef9de2b2af3,10,sample_size,potentially_synthesis_critical,numeric,0.04201680672268908
EXT-10-d3e295b9f64f,10,sample_size,potentially_synthesis_critical,numeric,0.04201680672268908
EXT-10-3ead7cd8d8be,10,effect_size,potentially_synthesis_critical,numeric,0.04201680672268908
EXT-10-c3ca0a2930dd,10,sample_size,potentially_synthesis_critical,numeric,0.04201680672268908
EXT-10-90e249fa81aa,10,effect_size,potentially_synthesis_critical,numeric,1.0
EXT-10-df72d5ee125e,10,ci_upper,potentially_synthesis_critical,numeric,1.0
EXT-10-72594eab9005,10,sample_size,potentially_synthesis_critical,numeric,1.0
EXT-10-68a560ffd9c5,10,sample_size,potentially_synthesis_critical,numeric,1.0
EXT-10-fa84d21251d7,10,ci_lower,potentially_synthesis_critical,numeric,1.0
EXT-10-4d66a63ca2d1,10,sample_size,potentially_synthesis_critical,numeric,0.008525149190110827
EXT-10-ba4a40ddf967,10,ci_lower,potentially_synthesis_critical,numeric,0.008525149190110827
EXT-10-1ccd1ae0590c,10,effect_size,potentially_synthesis_critical,numeric,0.008525149190110827
EXT-10-678548eb2065,10,effect_size,potentially_synthesis_critical,numeric,0.008525149190110827
EXT-10-f0f98e074531,10,sample_size,potentially_synthesis_critical,numeric,0.008525149190110827
EXT-10-5e22bff36fc5,10,ci_upper,potentially_synthesis_critical,numeric,0.008525149190110827
EXT-10-ce47ab91b495,10,sample_size,potentially_synthesis_critical,numeric,0.008525149190110827
EXT-10-0074d09a3a0f,10,ci_lower,potentially_synthesis_critical,numeric,0.008525149190110827
EXT-10-e05c61124201,10,ci_lower,potentially_synthesis_critical,numeric,0.008525149190110827
EXT-10-ae1ee4ee0331,10,ci_upper,potentially_synthesis_critical,numeric,0.008525149190110827
EXT-11-823c71634bd7,11,school_level,categorical,categorical,0.01697792869269949
EXT-11-535945dfd225,11,study_design,categorical,categorical,0.01697792869269949
EXT-11-a2fe300347fb,11,study_design,categorical,categorical,0.01697792869269949
EXT-11-ab36ce874f21,11,country,categorical,categorical,0.01697792869269949
EXT-11-3a5b073a43eb,11,school_level,categorical,categorical,0.01697792869269949
EXT-11-52156f8be423,11,country,categorical,categorical,0.01697792869269949
EXT-11-6e1b3105353e,11,country,categorical,categorical,0.01697792869269949
EXT-11-c4802ef351c4,11,school_level,categorical,categorical,0.01697792869269949
EXT-11-c4d1e3fd1d7e,11,study_design,categorical,categorical,0.01697792869269949
EXT-11-bd214d5f2b40,11,school_level,categorical,categorical,0.01697792869269949
EXT-11-2383a5deebe6,11,country,categorical,categorical,0.7692307692307693
EXT-11-227fef8d99ef,11,school_level,categorical,categorical,0.7692307692307693
EXT-11-91ff825c8cea,11,country,categorical,categorical,0.7692307692307693
EXT-11-531b7ec008a0,11,country,categorical,categorical,0.7692307692307693
EXT-11-3daec9e37e26,11,school_level,categorical,categorical,0.7692307692307693
EXT-11-98491da8661f,11,school_level,categorical,categorical,0.7692307692307693
EXT-11-66387b9affa4,11,school_level,categorical,categorical,0.7692307692307693
EXT-11-f9e12f544e58,11,school_level,categorical,categorical,0.7692307692307693
EXT-11-25b80c04435b,11,country,categorical,categorical,0.7692307692307693
EXT-11-aba4d0a436ae,11,school_level,categorical,categorical,0.7692307692307693
EXT-11-819c5240b652,11,study_design,categorical,categorical,1.0
EXT-11-ca3b1004c2a4,11,study_design,categorical,categorical,1.0
EXT-11-687233112cc5,11,country,categorical,categorical,1.0
EXT-11-7c7ab04fe610,11,school_level,categorical,categorical,1.0
EXT-11-a092a415678a,11,study_design,categorical,categorical,1.0
EXT-11-4d585119af47,11,study_design,categorical,categorical,1.0
EXT-11-9da6e01c8726,11,study_design,categorical,categorical,1.0
EXT-11-f0375d762831,11,country,categorical,categorical,0.06666666666666667
EXT-11-523c1a7480d0,11,country,categorical,categorical,0.06666666666666667
EXT-11-08e8e6ae3731,11,school_level,categorical,categorical,0.06666666666666667
EXT-11-0ec173167d14,11,school_level,categorical,categorical,0.06666666666666667
EXT-11-ea1bd172f3e4,11,country,categorical,categorical,0.06666666666666667
EXT-11-c5ab59574151,11,country,categorical,categorical,0.06666666666666667
EXT-11-e81b2576af1c,11,study_design,categorical,categorical,0.06666666666666667
EXT-11-1435f356ecc7,11,country,categorical,categorical,0.06666666666666667
EXT-11-f213ba6962ed,11,school_level,categorical,categorical,0.06666666666666667
EXT-11-fe84739e9b63,11,school_level,categorical,categorical,0.06666666666666667
EXT-11-1b5e98c46584,11,effect_size,potentially_synthesis_critical,numeric,0.059880239520958084
EXT-11-f34a53027bcc,11,sample_size,potentially_synthesis_critical,numeric,0.059880239520958084
EXT-11-2d4c59706e6b,11,sample_size,potentially_synthesis_critical,numeric,0.059880239520958084
EXT-11-1aae41cdb9ae,11,sample_size,potentially_synthesis_critical,numeric,0.059880239520958084
EXT-11-a942f9fb8e3c,11,class_size_control,potentially_synthesis_critical,numeric,0.059880239520958084
EXT-11-a1b2f8e9821d,11,sample_size,potentially_synthesis_critical,numeric,0.059880239520958084
EXT-11-251805ff0958,11,class_size_treatment,potentially_synthesis_critical,numeric,0.059880239520958084
EXT-11-b0a431a9ae20,11,class_size_treatment,potentially_synthesis_critical,numeric,0.059880239520958084
EXT-11-f67e748b299d,11,sample_size,potentially_synthesis_critical,numeric,0.059880239520958084
EXT-11-86f20a31f0b5,11,class_size_control,potentially_synthesis_critical,numeric,0.059880239520958084
EXT-11-6c3759baf190,11,class_size_treatment,potentially_synthesis_critical,numeric,1.0
EXT-11-22cb7e3dbec0,11,class_size_control,potentially_synthesis_critical,numeric,1.0
EXT-11-95c992c6b98f,11,class_size_control,potentially_synthesis_critical,numeric,1.0
EXT-11-00fea0b866cc,11,class_size_treatment,potentially_synthesis_critical,numeric,1.0
EXT-11-5888ae6f6a86,11,sample_size,potentially_synthesis_critical,numeric,1.0
EXT-11-f9df6835e06d,11,effect_size,potentially_synthesis_critical,numeric,1.0
EXT-11-ba8b72e2f6fb,11,sample_size,potentially_synthesis_critical,numeric,1.0
EXT-11-4c9dacd50cb9,11,class_size_control,potentially_synthesis_critical,numeric,0.00744047619047619
EXT-11-326a8355ca88,11,effect_size,potentially_synthesis_critical,numeric,0.00744047619047619
EXT-11-d6af1b5d432a,11,class_size_treatment,potentially_synthesis_critical,numeric,0.00744047619047619
EXT-11-999a24dbbec0,11,effect_size,potentially_synthesis_critical,numeric,0.00744047619047619
EXT-11-595de35914f9,11,class_size_treatment,potentially_synthesis_critical,numeric,0.00744047619047619
EXT-11-0f5b06e748c0,11,effect_size,potentially_synthesis_critical,numeric,0.00744047619047619
EXT-11-8994ce252f29,11,class_size_control,potentially_synthesis_critical,numeric,0.00744047619047619
EXT-11-a2568b844f27,11,ci_lower,potentially_synthesis_critical,numeric,0.00744047619047619
EXT-11-ad1d703987d7,11,ci_upper,potentially_synthesis_critical,numeric,0.00744047619047619
EXT-11-78c03ea094f3,11,ci_upper,potentially_synthesis_critical,numeric,0.00744047619047619
EXT-12-09a18bdda4eb,12,use_case,categorical,categorical,0.0013728720483250961
EXT-12-faf2737a66d6,12,country,categorical,categorical,0.0013728720483250961
EXT-12-0fa0166c1ad5,12,outcome_direction,categorical,categorical,0.0013728720483250961
EXT-12-3d2d2fbd61f6,12,discipline,categorical,categorical,0.0013728720483250961
EXT-12-a4ca9368a4db,12,discipline,categorical,categorical,0.0013728720483250961
EXT-12-db51f4f8c740,12,use_case,categorical,categorical,0.0013728720483250961
EXT-12-39f4efbf68f9,12,study_design,categorical,categorical,0.0013728720483250961
EXT-12-4937ce419578,12,discipline,categorical,categorical,0.0013728720483250961
EXT-12-8e1d839c7646,12,outcome_direction,categorical,categorical,0.0013728720483250961
EXT-12-8e51a3d8c411,12,llm_tool,categorical,categorical,0.0013728720483250961
EXT-12-77e1b752021d,12,use_case,categorical,categorical,0.2564102564102564
EXT-12-171e1b137af3,12,outcome_direction,categorical,categorical,0.2564102564102564
EXT-12-42384d9c69ca,12,country,categorical,categorical,0.2564102564102564
EXT-12-cd3bc8c073e5,12,llm_tool,categorical,categorical,0.2564102564102564
EXT-12-eb0d18d84b1b,12,llm_tool,categorical,categorical,0.2564102564102564
EXT-12-e461b98d45bd,12,llm_tool,categorical,categorical,0.2564102564102564
EXT-12-fab95e79d9fe,12,outcome_direction,categorical,categorical,0.2564102564102564
EXT-12-0897a523098e,12,outcome_direction,categorical,categorical,0.2564102564102564
EXT-12-98877c778b58,12,discipline,categorical,categorical,0.2564102564102564
EXT-12-bc55cd4a185b,12,llm_tool,categorical,categorical,0.2564102564102564
EXT-12-b7b8ac99a9de,12,study_design,categorical,categorical,0.14492753623188406
EXT-12-ac3b92318306,12,outcome_direction,categorical,categorical,0.14492753623188406
EXT-12-22978d43abb7,12,outcome_direction,categorical,categorical,0.14492753623188406
EXT-12-4d0834081ad1,12,discipline,categorical,categorical,0.14492753623188406
EXT-12-512519cf7be1,12,study_design,categorical,categorical,0.14492753623188406
EXT-12-0c1f23ce4ea5,12,outcome_direction,categorical,categorical,0.14492753623188406
EXT-12-9e9143ebf96d,12,country,categorical,categorical,0.14492753623188406
EXT-12-e763a37e33c8,12,study_design,categorical,categorical,0.14492753623188406
EXT-12-a5ce35486f2b,12,country,categorical,categorical,0.14492753623188406
EXT-12-65c68ded89f2,12,outcome_direction,categorical,categorical,0.14492753623188406
EXT-12-5e7eed8b42ea,12,country,categorical,categorical,1.0
EXT-12-dfaa7218c58c,12,country,categorical,categorical,1.0
EXT-12-7a7ce037f599,12,country,categorical,categorical,1.0
EXT-12-d4b46154555e,12,country,categorical,categorical,1.0
EXT-12-a717045a9683,12,country,categorical,categorical,1.0
EXT-12-3dfb679dde2d,12,country,categorical,categorical,1.0
EXT-12-5dadae01525f,12,country,categorical,categorical,1.0
EXT-12-211c2f267dc1,12,country,categorical,categorical,1.0
EXT-12-31fb641b4af9,12,study_design,categorical,categorical,0.003424657534246575
EXT-12-215503264b54,12,outcome_direction,categorical,categorical,0.003424657534246575
EXT-12-594a7e375b84,12,study_design,categorical,categorical,0.003424657534246575
EXT-12-4f2f0b9dec0c,12,outcome_direction,categorical,categorical,0.003424657534246575
EXT-12-0c5535f013fa,12,discipline,categorical,categorical,0.003424657534246575
EXT-12-09b8d221029a,12,country,categorical,categorical,0.003424657534246575
EXT-12-0545e777d6d9,12,outcome_direction,categorical,categorical,0.003424657534246575
EXT-12-b88632477ec6,12,use_case,categorical,categorical,0.003424657534246575
EXT-12-48354fc8ce84,12,study_design,categorical,categorical,0.003424657534246575
EXT-12-6bd37a0e6ef1,12,country,categorical,categorical,0.003424657534246575
EXT-12-b6045fcb37a2,12,sample_size,potentially_synthesis_critical,numeric,0.01692047377326565
EXT-12-35a5aeb1642d,12,sample_size,potentially_synthesis_critical,numeric,0.01692047377326565
EXT-12-32686e65be5f,12,sample_size,potentially_synthesis_critical,numeric,0.01692047377326565
EXT-12-5fb541a60674,12,sample_size,potentially_synthesis_critical,numeric,0.01692047377326565
EXT-12-4ecdd76e0f9f,12,sample_size,potentially_synthesis_critical,numeric,0.01692047377326565
EXT-12-7bdcec00c1a0,12,sample_size,potentially_synthesis_critical,numeric,0.01692047377326565
EXT-12-05744a0db4bb,12,sample_size,potentially_synthesis_critical,numeric,0.01692047377326565
EXT-12-9496e43a54a6,12,sample_size,potentially_synthesis_critical,numeric,0.01692047377326565
EXT-12-b662a9a10d90,12,sample_size,potentially_synthesis_critical,numeric,0.01692047377326565
EXT-12-a686473625ee,12,sample_size,potentially_synthesis_critical,numeric,0.01692047377326565
EXT-12-c70ce9d972d1,12,sample_size,potentially_synthesis_critical,numeric,1.0
EXT-12-cd382e3f2ed9,12,sample_size,potentially_synthesis_critical,numeric,1.0
EXT-12-5374d3401c6d,12,sample_size,potentially_synthesis_critical,numeric,1.0
EXT-12-be1fc3c51ec2,12,sample_size,potentially_synthesis_critical,numeric,1.0
EXT-12-c6aaa4e112eb,12,sample_size,potentially_synthesis_critical,numeric,1.0
EXT-12-7f3c8b6c4912,12,sample_size,potentially_synthesis_critical,numeric,1.0
EXT-12-694c78fe48c3,12,sample_size,potentially_synthesis_critical,numeric,1.0
EXT-12-239ec1752593,12,sample_size,potentially_synthesis_critical,numeric,1.0
EXT-12-c8421d5934d9,12,sample_size,potentially_synthesis_critical,numeric,1.0
EXT-12-1ff337394679,12,sample_size,potentially_synthesis_critical,numeric,1.0
EXT-12-123ff65fbbe7,12,sample_size,potentially_synthesis_critical,numeric,0.1111111111111111
EXT-12-afe7fde635dc,12,sample_size,potentially_synthesis_critical,numeric,0.1111111111111111
EXT-12-e9bad987592d,12,sample_size,potentially_synthesis_critical,numeric,0.1111111111111111
EXT-12-29b504af6c96,12,sample_size,potentially_synthesis_critical,numeric,0.1111111111111111
EXT-12-f7dfa69217a9,12,sample_size,potentially_synthesis_critical,numeric,0.1111111111111111
EXT-12-9fcb9236d5e4,12,sample_size,potentially_synthesis_critical,numeric,0.1111111111111111
EXT-12-f83a7fe81ce2,12,sample_size,potentially_synthesis_critical,numeric,0.1111111111111111
EXT-12-fab46482b3ef,12,sample_size,potentially_synthesis_critical,numeric,0.1111111111111111
EXT-12-3aed752c1324,12,sample_size,potentially_synthesis_critical,numeric,0.1111111111111111
EXT-12-de7298f556b0,12,sample_size,potentially_synthesis_critical,numeric,0.1111111111111111
EXT-12-d9793b3caed5,12,sample_size,potentially_synthesis_critical,numeric,0.009718172983479106
EXT-12-30241ba1b5ca,12,sample_size,potentially_synthesis_critical,numeric,0.009718172983479106
EXT-12-6a6a4457a575,12,sample_size,potentially_synthesis_critical,numeric,0.009718172983479106
EXT-12-40065d6ba423,12,sample_size,potentially_synthesis_critical,numeric,0.009718172983479106
EXT-12-aa7cf3d0614e,12,sample_size,potentially_synthesis_critical,numeric,0.009718172983479106
EXT-12-fdd02ca4ca36,12,sample_size,potentially_synthesis_critical,numeric,0.009718172983479106
EXT-12-4371c0144163,12,sample_size,potentially_synthesis_critical,numeric,0.009718172983479106
EXT-12-cb5a8a48c3ab,12,sample_size,potentially_synthesis_critical,numeric,0.009718172983479106
EXT-12-e2ee32f57b85,12,sample_size,potentially_synthesis_critical,numeric,0.009718172983479106
EXT-12-c802d33e15ae,12,sample_size,potentially_synthesis_critical,numeric,0.009718172983479106
EXT-13-b62971451c82,13,mpa_type,categorical,categorical,0.008795074758135445
EXT-13-4516ffdd345b,13,country,categorical,categorical,0.008795074758135445
EXT-13-f1f0c991e79e,13,species_group,categorical,categorical,0.008795074758135445
EXT-13-e0cff7e944de,13,species_group,categorical,categorical,0.008795074758135445
EXT-13-53abd97ba64b,13,mpa_type,categorical,categorical,0.008795074758135445
EXT-13-80e3cc434aa3,13,country,categorical,categorical,0.008795074758135445
EXT-13-2706996350fb,13,study_design,categorical,categorical,0.008795074758135445
EXT-13-4bf63d9c7d28,13,country,categorical,categorical,0.008795074758135445
EXT-13-1d9a1269ee60,13,study_design,categorical,categorical,0.008795074758135445
EXT-13-aae3c887abbb,13,country,categorical,categorical,0.008795074758135445
EXT-13-d56b9f6f1b87,13,country,categorical,categorical,0.5555555555555556
EXT-13-b4e0206fbe64,13,mpa_type,categorical,categorical,0.5555555555555556
EXT-13-48874c803330,13,species_group,categorical,categorical,0.5555555555555556
EXT-13-6907e59cc4a8,13,country,categorical,categorical,0.5555555555555556
EXT-13-cea213568c0d,13,mpa_type,categorical,categorical,0.5555555555555556
EXT-13-111e36e583ba,13,country,categorical,categorical,0.5555555555555556
EXT-13-9d95646de3e5,13,mpa_type,categorical,categorical,0.5555555555555556
EXT-13-2b13ee020104,13,country,categorical,categorical,0.5555555555555556
EXT-13-170b0435f706,13,country,categorical,categorical,0.5555555555555556
EXT-13-e9844e4248b3,13,country,categorical,categorical,0.5555555555555556
EXT-13-f049e8979397,13,mpa_type,categorical,categorical,1.0
EXT-13-d490afdb9ad6,13,country,categorical,categorical,1.0
EXT-13-a7e959b47837,13,country,categorical,categorical,1.0
EXT-13-ce11471c2a57,13,country,categorical,categorical,1.0
EXT-13-014ff9d09fa2,13,country,categorical,categorical,1.0
EXT-13-58122a6c36de,13,country,categorical,categorical,1.0
EXT-13-2825eebde3ff,13,country,categorical,categorical,0.05025125628140704
EXT-13-7c656020fe6b,13,country,categorical,categorical,0.05025125628140704
EXT-13-d57205f343d5,13,species_group,categorical,categorical,0.05025125628140704
EXT-13-1874e18e11f1,13,mpa_type,categorical,categorical,0.05025125628140704
EXT-13-f2a7b7525688,13,country,categorical,categorical,0.05025125628140704
EXT-13-594fed6e1b1a,13,mpa_type,categorical,categorical,0.05025125628140704
EXT-13-b77b5d6983c8,13,mpa_type,categorical,categorical,0.05025125628140704
EXT-13-bdcabacdf1ae,13,mpa_type,categorical,categorical,0.05025125628140704
EXT-13-fb670e37ff08,13,study_design,categorical,categorical,0.05025125628140704
EXT-13-7d014393fea4,13,study_design,categorical,categorical,0.05025125628140704
EXT-13-66224e98649e,13,years_protected,other_numeric,numeric,0.10101010101010101
EXT-13-9f189ad7ef49,13,years_protected,other_numeric,numeric,0.10101010101010101
EXT-13-072b1eeb7afc,13,years_protected,other_numeric,numeric,0.10101010101010101
EXT-13-75eae196b469,13,years_protected,other_numeric,numeric,0.10101010101010101
EXT-13-d2f1fa5a74e6,13,years_protected,other_numeric,numeric,0.10101010101010101
EXT-13-2504da16fe44,13,years_protected,other_numeric,numeric,0.10101010101010101
EXT-13-e0348ea64348,13,years_protected,other_numeric,numeric,0.10101010101010101
EXT-13-e2df879c9fec,13,years_protected,other_numeric,numeric,0.10101010101010101
EXT-13-985b94c92c59,13,years_protected,other_numeric,numeric,0.10101010101010101
EXT-13-688505a7156d,13,years_protected,other_numeric,numeric,0.10101010101010101
EXT-13-fc1f57813b47,13,years_protected,other_numeric,numeric,1.0
EXT-13-e427bc9cb851,13,years_protected,other_numeric,numeric,1.0
EXT-13-08670e721cd4,13,years_protected,other_numeric,numeric,1.0
EXT-13-01ed424135c8,13,years_protected,other_numeric,numeric,1.0
EXT-13-9bf820240f28,13,years_protected,other_numeric,numeric,1.0
EXT-13-40a5afba89fb,13,years_protected,other_numeric,numeric,1.0
EXT-13-c1dd8d586b13,13,years_protected,other_numeric,numeric,1.0
EXT-13-c27da32e28f1,13,years_protected,other_numeric,numeric,1.0
EXT-13-574423000e1e,13,years_protected,other_numeric,numeric,1.0
EXT-13-525c3bb5cb2d,13,years_protected,other_numeric,numeric,1.0
EXT-13-89ce05b517fb,13,years_protected,other_numeric,numeric,1.0
EXT-13-79d0ee12531c,13,years_protected,other_numeric,numeric,0.043478260869565216
EXT-13-84599ad5a7a5,13,years_protected,other_numeric,numeric,0.043478260869565216
EXT-13-d2afd0b60c49,13,years_protected,other_numeric,numeric,0.043478260869565216
EXT-13-56f5e743b5f9,13,years_protected,other_numeric,numeric,0.043478260869565216
EXT-13-5137877a8f50,13,years_protected,other_numeric,numeric,0.043478260869565216
EXT-13-462ca48f05eb,13,years_protected,other_numeric,numeric,0.043478260869565216
EXT-13-cd8b756d3353,13,years_protected,other_numeric,numeric,0.043478260869565216
EXT-13-72e627ff407f,13,years_protected,other_numeric,numeric,0.043478260869565216
EXT-13-99c03b3b0211,13,years_protected,other_numeric,numeric,0.043478260869565216
EXT-13-bbdbb12be3cd,13,years_protected,other_numeric,numeric,0.043478260869565216
EXT-13-9ba84ae5577d,13,sample_size,potentially_synthesis_critical,numeric,0.06097560975609756
EXT-13-f3e4915fc8ac,13,effect_size,potentially_synthesis_critical,numeric,0.06097560975609756
EXT-13-3ebed3d9c6d1,13,sample_size,potentially_synthesis_critical,numeric,0.06097560975609756
EXT-13-db99969f69e6,13,sample_size,potentially_synthesis_critical,numeric,0.06097560975609756
EXT-13-3cf3016aac63,13,sample_size,potentially_synthesis_critical,numeric,0.06097560975609756
EXT-13-264bc81246bd,13,sample_size,potentially_synthesis_critical,numeric,0.06097560975609756
EXT-13-c099e4453197,13,sample_size,potentially_synthesis_critical,numeric,0.06097560975609756
EXT-13-367d8b564cd7,13,effect_size,potentially_synthesis_critical,numeric,0.06097560975609756
EXT-13-bed2f2aee74a,13,sample_size,potentially_synthesis_critical,numeric,0.06097560975609756
EXT-13-e63f433ec81b,13,ci_upper,potentially_synthesis_critical,numeric,0.06097560975609756
EXT-13-5f42d4adddbe,13,effect_size,potentially_synthesis_critical,numeric,1.0
EXT-13-3b22b1c25629,13,sample_size,potentially_synthesis_critical,numeric,1.0
EXT-13-2d55231ae9ee,13,sample_size,potentially_synthesis_critical,numeric,0.008375209380234505
EXT-13-ef8ea24745b3,13,ci_lower,potentially_synthesis_critical,numeric,0.008375209380234505
EXT-13-4eb8ccd70acd,13,ci_lower,potentially_synthesis_critical,numeric,0.008375209380234505
EXT-13-00336ccac624,13,ci_lower,potentially_synthesis_critical,numeric,0.008375209380234505
EXT-13-cb377b9ad4c6,13,ci_upper,potentially_synthesis_critical,numeric,0.008375209380234505
EXT-13-f0975b90efb0,13,ci_upper,potentially_synthesis_critical,numeric,0.008375209380234505
EXT-13-cb7d77f1bb4e,13,effect_size,potentially_synthesis_critical,numeric,0.008375209380234505
EXT-13-6bab7ef558fa,13,ci_upper,potentially_synthesis_critical,numeric,0.008375209380234505
EXT-13-40f4d6799c01,13,ci_upper,potentially_synthesis_critical,numeric,0.008375209380234505
EXT-13-abe79ff17d0d,13,effect_size,potentially_synthesis_critical,numeric,0.008375209380234505
EXT-14-157bec51e39c,14,forest_type,categorical,categorical,0.004110152075626798
EXT-14-107b5179d890,14,forest_type,categorical,categorical,0.004110152075626798
EXT-14-530cc9384c42,14,forest_type,categorical,categorical,0.004110152075626798
EXT-14-f4d57363daf8,14,study_design,categorical,categorical,0.004110152075626798
EXT-14-00e3d3d4235d,14,study_design,categorical,categorical,0.004110152075626798
EXT-14-918886faeed7,14,country,categorical,categorical,0.004110152075626798
EXT-14-9960aedfeefb,14,country,categorical,categorical,0.004110152075626798
EXT-14-9532d35f18ff,14,country,categorical,categorical,0.004110152075626798
EXT-14-d45aff28ffe2,14,forest_type,categorical,categorical,0.004110152075626798
EXT-14-7b3b12cd6bcf,14,country,categorical,categorical,0.004110152075626798
EXT-14-42efa993c367,14,forest_type,categorical,categorical,0.45454545454545453
EXT-14-c7da5aed2b57,14,forest_type,categorical,categorical,0.45454545454545453
EXT-14-348eb75474fc,14,forest_type,categorical,categorical,0.45454545454545453
EXT-14-279e3a07de8c,14,forest_type,categorical,categorical,0.45454545454545453
EXT-14-b682e5264abb,14,forest_type,categorical,categorical,0.45454545454545453
EXT-14-0530c6169769,14,country,categorical,categorical,0.45454545454545453
EXT-14-9a640193edb2,14,forest_type,categorical,categorical,0.45454545454545453
EXT-14-5373fdb9abdf,14,forest_type,categorical,categorical,0.45454545454545453
EXT-14-4f305630c157,14,forest_type,categorical,categorical,0.45454545454545453
EXT-14-0b89d2d4d884,14,country,categorical,categorical,0.45454545454545453
EXT-14-6854a9a52e27,14,study_design,categorical,categorical,0.2702702702702703
EXT-14-cde685bdeeda,14,study_design,categorical,categorical,0.2702702702702703
EXT-14-f72ded4e9eac,14,study_design,categorical,categorical,0.2702702702702703
EXT-14-fb351eaabfd5,14,study_design,categorical,categorical,0.2702702702702703
EXT-14-b6f14e98468e,14,study_design,categorical,categorical,0.2702702702702703
EXT-14-914e0fb8ae2b,14,study_design,categorical,categorical,0.2702702702702703
EXT-14-730af180e854,14,study_design,categorical,categorical,0.2702702702702703
EXT-14-3ae48a139e8f,14,country,categorical,categorical,0.2702702702702703
EXT-14-b56a9bce2f37,14,study_design,categorical,categorical,0.2702702702702703
EXT-14-797736db8c0c,14,study_design,categorical,categorical,0.2702702702702703
EXT-14-7ac5163786a3,14,country,categorical,categorical,1.0
EXT-14-40edf42d411c,14,forest_type,categorical,categorical,1.0
EXT-14-f16d61d0f20a,14,forest_type,categorical,categorical,1.0
EXT-14-682d4f2a47c8,14,forest_type,categorical,categorical,1.0
EXT-14-aaf5f402d012,14,country,categorical,categorical,1.0
EXT-14-1956edb69d16,14,forest_type,categorical,categorical,1.0
EXT-14-af9581228860,14,forest_type,categorical,categorical,1.0
EXT-14-5d271c4ed39d,14,country,categorical,categorical,0.013175230566534914
EXT-14-7577e10e6c56,14,study_design,categorical,categorical,0.013175230566534914
EXT-14-76092955e58c,14,study_design,categorical,categorical,0.013175230566534914
EXT-14-f89784e2e5a4,14,forest_type,categorical,categorical,0.013175230566534914
EXT-14-cbba59f80388,14,study_design,categorical,categorical,0.013175230566534914
EXT-14-aeb1de8e558a,14,study_design,categorical,categorical,0.013175230566534914
EXT-14-04eb2eeb46fa,14,study_design,categorical,categorical,0.013175230566534914
EXT-14-47d465802a96,14,study_design,categorical,categorical,0.013175230566534914
EXT-14-44428785ffb4,14,forest_type,categorical,categorical,0.013175230566534914
EXT-14-f6e38c9ec972,14,study_design,categorical,categorical,0.013175230566534914
EXT-14-7dfbf04778f0,14,age_years,other_numeric,numeric,0.03048780487804878
EXT-14-81816a5b9441,14,age_years,other_numeric,numeric,0.03048780487804878
EXT-14-bd62c3dda2ac,14,age_years,other_numeric,numeric,0.03048780487804878
EXT-14-acb045da4d03,14,age_years,other_numeric,numeric,0.03048780487804878
EXT-14-ba3ec38c7087,14,age_years,other_numeric,numeric,0.03048780487804878
EXT-14-b562e89eda2c,14,age_years,other_numeric,numeric,0.03048780487804878
EXT-14-c8ded06db996,14,age_years,other_numeric,numeric,0.03048780487804878
EXT-14-3c09be6839c7,14,age_years,other_numeric,numeric,0.03048780487804878
EXT-14-cdbfa84f4e5f,14,age_years,other_numeric,numeric,0.03048780487804878
EXT-14-95969186b962,14,age_years,other_numeric,numeric,0.03048780487804878
EXT-14-6bec6f7a19a4,14,age_years,other_numeric,numeric,0.5
EXT-14-85ec11119bc1,14,age_years,other_numeric,numeric,0.5
EXT-14-d75b46b892e5,14,age_years,other_numeric,numeric,0.5
EXT-14-cb2e319e9c23,14,age_years,other_numeric,numeric,0.5
EXT-14-81ee3b234010,14,age_years,other_numeric,numeric,0.5
EXT-14-892ed608ac71,14,age_years,other_numeric,numeric,0.5
EXT-14-037639bc7ee0,14,age_years,other_numeric,numeric,0.5
EXT-14-dff55e8779b7,14,age_years,other_numeric,numeric,0.5
EXT-14-3e7058d75963,14,age_years,other_numeric,numeric,0.5
EXT-14-72e54d374ce0,14,age_years,other_numeric,numeric,0.5
EXT-14-8901bc751b8e,14,age_years,other_numeric,numeric,1.0
EXT-14-4e78173d7772,14,age_years,other_numeric,numeric,1.0
EXT-14-6babd7244192,14,age_years,other_numeric,numeric,0.01358695652173913
EXT-14-ea17d309c22d,14,age_years,other_numeric,numeric,0.01358695652173913
EXT-14-8ba996adcb41,14,age_years,other_numeric,numeric,0.01358695652173913
EXT-14-0fbf6b9ea731,14,age_years,other_numeric,numeric,0.01358695652173913
EXT-14-36bec73706f8,14,age_years,other_numeric,numeric,0.01358695652173913
EXT-14-7fadb1099961,14,age_years,other_numeric,numeric,0.01358695652173913
EXT-14-1cb256838a6e,14,age_years,other_numeric,numeric,0.01358695652173913
EXT-14-ff0d87e44769,14,age_years,other_numeric,numeric,0.01358695652173913
EXT-14-a66284ae6d2c,14,age_years,other_numeric,numeric,0.01358695652173913
EXT-14-aeda605af69f,14,age_years,other_numeric,numeric,0.01358695652173913
EXT-14-b5190947b033,14,sample_size,potentially_synthesis_critical,numeric,0.011587485515643106
EXT-14-92e02925d110,14,sample_size,potentially_synthesis_critical,numeric,0.011587485515643106
EXT-14-40d0b7c8431a,14,carbon_stock_tC_ha,potentially_synthesis_critical,numeric,0.011587485515643106
EXT-14-15e532a14fb2,14,effect_size,potentially_synthesis_critical,numeric,0.011587485515643106
EXT-14-b6846d28f024,14,carbon_stock_tC_ha,potentially_synthesis_critical,numeric,0.011587485515643106
EXT-14-afdbefff7d51,14,carbon_stock_tC_ha,potentially_synthesis_critical,numeric,0.011587485515643106
EXT-14-03a591d6ac52,14,sample_size,potentially_synthesis_critical,numeric,0.011587485515643106
EXT-14-1445b279190e,14,effect_size,potentially_synthesis_critical,numeric,0.011587485515643106
EXT-14-68afff46a0bd,14,sample_size,potentially_synthesis_critical,numeric,0.011587485515643106
EXT-14-c02433a3c99b,14,sample_size,potentially_synthesis_critical,numeric,0.011587485515643106
EXT-14-5404408cef66,14,carbon_stock_tC_ha,potentially_synthesis_critical,numeric,1.0
EXT-14-ea784379c8a3,14,effect_size,potentially_synthesis_critical,numeric,1.0
EXT-14-cf4d93f86d81,14,carbon_stock_tC_ha,potentially_synthesis_critical,numeric,1.0
EXT-14-0a7d4a611961,14,carbon_stock_tC_ha,potentially_synthesis_critical,numeric,1.0
EXT-14-6569914548e4,14,carbon_stock_tC_ha,potentially_synthesis_critical,numeric,1.0
EXT-14-fb3b4e5e4332,14,sample_size,potentially_synthesis_critical,numeric,1.0
EXT-14-c46949c0d70a,14,carbon_stock_tC_ha,potentially_synthesis_critical,numeric,1.0
EXT-14-c8fdf712e9cf,14,sample_size,potentially_synthesis_critical,numeric,1.0
EXT-14-958fd6e3d66d,14,carbon_stock_tC_ha,potentially_synthesis_critical,numeric,1.0
EXT-14-a4c362208acb,14,carbon_stock_tC_ha,potentially_synthesis_critical,numeric,1.0
EXT-14-356543f041f2,14,sample_size,potentially_synthesis_critical,numeric,1.0
EXT-14-858ae4d840c7,14,sample_size,potentially_synthesis_critical,numeric,1.0
EXT-14-c401d91ee367,14,carbon_stock_tC_ha,potentially_synthesis_critical,numeric,0.00419639110365086
EXT-14-b5ec56880201,14,effect_size,potentially_synthesis_critical,numeric,0.00419639110365086
EXT-14-6665c6471cb4,14,sample_size,potentially_synthesis_critical,numeric,0.00419639110365086
EXT-14-1408f683a0c8,14,carbon_stock_tC_ha,potentially_synthesis_critical,numeric,0.00419639110365086
EXT-14-4121435fbcd2,14,sample_size,potentially_synthesis_critical,numeric,0.00419639110365086
EXT-14-c7474ad59c49,14,effect_size,potentially_synthesis_critical,numeric,0.00419639110365086
EXT-14-ba9c29d7fb37,14,carbon_stock_tC_ha,potentially_synthesis_critical,numeric,0.00419639110365086
EXT-14-3295677ea769,14,sample_size,potentially_synthesis_critical,numeric,0.00419639110365086
EXT-14-9daf4d8ac0a3,14,carbon_stock_tC_ha,potentially_synthesis_critical,numeric,0.00419639110365086
EXT-14-09112dbd8a40,14,effect_size,potentially_synthesis_critical,numeric,0.00419639110365086
EXT-15-316ed0ad0fc7,15,outcome,categorical,categorical,0.0021968365553602814
EXT-15-de6cd43a1a39,15,study_design,categorical,categorical,0.0021968365553602814
EXT-15-44cd079093a2,15,outcome,categorical,categorical,0.0021968365553602814
EXT-15-6fbfded7c1aa,15,outcome,categorical,categorical,0.0021968365553602814
EXT-15-44137d619df6,15,country,categorical,categorical,0.0021968365553602814
EXT-15-a0de89cbaea7,15,outcome,categorical,categorical,0.0021968365553602814
EXT-15-8a621118aa9c,15,outcome,categorical,categorical,0.0021968365553602814
EXT-15-fafb69c37653,15,country,categorical,categorical,0.0021968365553602814
EXT-15-0d24691fbf89,15,country,categorical,categorical,0.0021968365553602814
EXT-15-6a3cedf10ccd,15,country,categorical,categorical,0.0021968365553602814
EXT-15-ed10a052c87a,15,fuel_type,categorical,categorical,0.24390243902439024
EXT-15-9ed750222848,15,study_design,categorical,categorical,0.24390243902439024
EXT-15-49bf8a31bbc1,15,study_design,categorical,categorical,0.24390243902439024
EXT-15-39cc4330976f,15,study_design,categorical,categorical,0.24390243902439024
EXT-15-ab8bf548a7bf,15,outcome,categorical,categorical,0.24390243902439024
EXT-15-d1d39de3c2df,15,country,categorical,categorical,0.24390243902439024
EXT-15-eead60e2db4b,15,fuel_type,categorical,categorical,0.24390243902439024
EXT-15-65568eaf985f,15,outcome,categorical,categorical,0.24390243902439024
EXT-15-ffb916de2857,15,fuel_type,categorical,categorical,0.24390243902439024
EXT-15-f999dc57bde4,15,outcome,categorical,categorical,0.24390243902439024
EXT-15-e546f31f3692,15,study_design,categorical,categorical,0.12345679012345678
EXT-15-df8ac3cc3b28,15,study_design,categorical,categorical,0.12345679012345678
EXT-15-32a3d00c7f43,15,study_design,categorical,categorical,0.12345679012345678
EXT-15-fc8257e16de4,15,study_design,categorical,categorical,0.12345679012345678
EXT-15-cc65aa7952a8,15,study_design,categorical,categorical,0.12345679012345678
EXT-15-57be6f2b4dfd,15,study_design,categorical,categorical,0.12345679012345678
EXT-15-147d6ebe18a4,15,study_design,categorical,categorical,0.12345679012345678
EXT-15-737cf70fd7b6,15,study_design,categorical,categorical,0.12345679012345678
EXT-15-47d1b2ed41fc,15,study_design,categorical,categorical,0.12345679012345678
EXT-15-8624f90b1754,15,study_design,categorical,categorical,0.12345679012345678
EXT-15-f93d0dfdfd2c,15,fuel_type,categorical,categorical,0.9090909090909091
EXT-15-c2248e1c57c4,15,country,categorical,categorical,0.9090909090909091
EXT-15-8824f6d4b64e,15,country,categorical,categorical,0.9090909090909091
EXT-15-68963c5ac337,15,country,categorical,categorical,0.9090909090909091
EXT-15-bb788d316c9c,15,country,categorical,categorical,0.9090909090909091
EXT-15-ebf0ae95d5fe,15,country,categorical,categorical,0.9090909090909091
EXT-15-8adc5c35f4b6,15,country,categorical,categorical,0.9090909090909091
EXT-15-40fc078ba781,15,country,categorical,categorical,0.9090909090909091
EXT-15-1bf2c4a15020,15,country,categorical,categorical,0.9090909090909091
EXT-15-a9bab18c0bd5,15,fuel_type,categorical,categorical,0.9090909090909091
EXT-15-620961703150,15,country,categorical,categorical,0.013986013986013986
EXT-15-a2dac623294f,15,country,categorical,categorical,0.013986013986013986
EXT-15-13fec5b0729c,15,study_design,categorical,categorical,0.013986013986013986
EXT-15-f5d91b2c70de,15,study_design,categorical,categorical,0.013986013986013986
EXT-15-6dcf0168cb93,15,country,categorical,categorical,0.013986013986013986
EXT-15-72b55efbb866,15,study_design,categorical,categorical,0.013986013986013986
EXT-15-1e5e0b59841f,15,fuel_type,categorical,categorical,0.013986013986013986
EXT-15-500f4cdded54,15,fuel_type,categorical,categorical,0.013986013986013986
EXT-15-757d27196773,15,fuel_type,categorical,categorical,0.013986013986013986
EXT-15-3d1a11ec3b0a,15,fuel_type,categorical,categorical,0.013986013986013986
EXT-15-66364d6e2337,15,ci_lower,potentially_synthesis_critical,numeric,0.00411522633744856
EXT-15-92f9a498d33f,15,sample_size,potentially_synthesis_critical,numeric,0.00411522633744856
EXT-15-c60e7d44161e,15,ci_lower,potentially_synthesis_critical,numeric,0.00411522633744856
EXT-15-c142c8e7cce7,15,effect_size,potentially_synthesis_critical,numeric,0.00411522633744856
EXT-15-0062b00d4611,15,ci_upper,potentially_synthesis_critical,numeric,0.00411522633744856
EXT-15-f58c7721c7a8,15,ci_upper,potentially_synthesis_critical,numeric,0.00411522633744856
EXT-15-4c0ac76e9d4c,15,sample_size,potentially_synthesis_critical,numeric,0.00411522633744856
EXT-15-16749b615d0e,15,ci_lower,potentially_synthesis_critical,numeric,0.00411522633744856
EXT-15-8dd1c53cd40d,15,effect_size,potentially_synthesis_critical,numeric,0.00411522633744856
EXT-15-2dec2a4184dc,15,ci_upper,potentially_synthesis_critical,numeric,0.00411522633744856
EXT-15-8380b3b46a39,15,effect_size,potentially_synthesis_critical,numeric,0.38461538461538464
EXT-15-159639e2c2fa,15,ci_lower,potentially_synthesis_critical,numeric,0.38461538461538464
EXT-15-995761f39ed1,15,sample_size,potentially_synthesis_critical,numeric,0.38461538461538464
EXT-15-d05620f15d93,15,ci_upper,potentially_synthesis_critical,numeric,0.38461538461538464
EXT-15-463933cb2b3c,15,ci_upper,potentially_synthesis_critical,numeric,0.38461538461538464
EXT-15-24f3a9968f90,15,sample_size,potentially_synthesis_critical,numeric,0.38461538461538464
EXT-15-15067de2ac74,15,ci_upper,potentially_synthesis_critical,numeric,0.38461538461538464
EXT-15-8ed1032b63ae,15,ci_lower,potentially_synthesis_critical,numeric,0.38461538461538464
EXT-15-511c66cdbef0,15,ci_lower,potentially_synthesis_critical,numeric,0.38461538461538464
EXT-15-99c2e38ddca1,15,sample_size,potentially_synthesis_critical,numeric,0.38461538461538464
EXT-15-bd0b742b4f8b,15,ci_upper,potentially_synthesis_critical,numeric,1.0
EXT-15-8eb01f4413ad,15,effect_size,potentially_synthesis_critical,numeric,1.0
EXT-15-c61e84768658,15,ci_lower,potentially_synthesis_critical,numeric,1.0
EXT-15-5f1cffb1055d,15,ci_upper,potentially_synthesis_critical,numeric,0.0034002040122407345
EXT-15-b64e2a7a0b79,15,ci_lower,potentially_synthesis_critical,numeric,0.0034002040122407345
EXT-15-f118115bcc31,15,ci_upper,potentially_synthesis_critical,numeric,0.0034002040122407345
EXT-15-465dc85e440c,15,effect_size,potentially_synthesis_critical,numeric,0.0034002040122407345
EXT-15-f37ec99233ec,15,ci_upper,potentially_synthesis_critical,numeric,0.0034002040122407345
EXT-15-f662612d533f,15,ci_upper,potentially_synthesis_critical,numeric,0.0034002040122407345
EXT-15-3c7becddc2aa,15,effect_size,potentially_synthesis_critical,numeric,0.0034002040122407345
EXT-15-fb2a08d3b93e,15,ci_lower,potentially_synthesis_critical,numeric,0.0034002040122407345
EXT-15-dfe86c88f7bc,15,effect_size,potentially_synthesis_critical,numeric,0.0034002040122407345
EXT-15-831fa6efbd73,15,ci_upper,potentially_synthesis_critical,numeric,0.0034002040122407345
EXT-16-4d2138d4ef47,16,water_body_type,categorical,categorical,0.014204545454545454
EXT-16-b18b680626f1,16,water_body_type,categorical,categorical,0.014204545454545454
EXT-16-45acbb81639c,16,study_design,categorical,categorical,0.014204545454545454
EXT-16-bbadf6690d9a,16,polymer_type,categorical,categorical,0.014204545454545454
EXT-16-7960bd0bfdc6,16,study_design,categorical,categorical,0.014204545454545454
EXT-16-556b4e697c5f,16,country,categorical,categorical,0.014204545454545454
EXT-16-c637cc006e74,16,study_design,categorical,categorical,0.014204545454545454
EXT-16-878601e0da49,16,study_design,categorical,categorical,0.014204545454545454
EXT-16-7de8a9b8e2d9,16,country,categorical,categorical,0.014204545454545454
EXT-16-efe7f3f30a77,16,water_body_type,categorical,categorical,0.014204545454545454
EXT-16-633b9894f471,16,country,categorical,categorical,1.0
EXT-16-7ebff77934c6,16,country,categorical,categorical,1.0
EXT-16-3e309b09a8a3,16,polymer_type,categorical,categorical,0.10638297872340426
EXT-16-3f9107de6d7d,16,country,categorical,categorical,0.10638297872340426
EXT-16-1b377a37508c,16,study_design,categorical,categorical,0.10638297872340426
EXT-16-c88f2b390f19,16,polymer_type,categorical,categorical,0.10638297872340426
EXT-16-9c9a2f610609,16,polymer_type,categorical,categorical,0.10638297872340426
EXT-16-e3d5c0ca1577,16,polymer_type,categorical,categorical,0.10638297872340426
EXT-16-9ed5ed1b47c7,16,country,categorical,categorical,0.10638297872340426
EXT-16-bf730c123bdf,16,country,categorical,categorical,0.10638297872340426
EXT-16-19d7789ea148,16,country,categorical,categorical,0.10638297872340426
EXT-16-8e974e643c4e,16,country,categorical,categorical,0.10638297872340426
EXT-16-16d21444fe7b,16,sample_size,potentially_synthesis_critical,numeric,0.056179775280898875
EXT-16-e053b364cb6d,16,sample_size,potentially_synthesis_critical,numeric,0.056179775280898875
EXT-16-8be9af6e9bdd,16,sample_size,potentially_synthesis_critical,numeric,0.056179775280898875
EXT-16-8657c24907bb,16,concentration_items_L,potentially_synthesis_critical,numeric,0.056179775280898875
EXT-16-d4b44c07ae75,16,sample_size,potentially_synthesis_critical,numeric,0.056179775280898875
EXT-16-01efa4403f57,16,sample_size,potentially_synthesis_critical,numeric,0.056179775280898875
EXT-16-d262750a88dc,16,concentration_items_L,potentially_synthesis_critical,numeric,0.056179775280898875
EXT-16-bfd279650df0,16,sample_size,potentially_synthesis_critical,numeric,0.056179775280898875
EXT-16-55ef79adf12f,16,concentration_items_L,potentially_synthesis_critical,numeric,0.056179775280898875
EXT-16-2e97ca0ebd7c,16,sample_size,potentially_synthesis_critical,numeric,0.056179775280898875
EXT-16-22acc141668e,16,concentration_items_L,potentially_synthesis_critical,numeric,0.30303030303030304
EXT-16-7b224dd12b65,16,sample_size,potentially_synthesis_critical,numeric,0.30303030303030304
EXT-16-05b23f37becb,16,concentration_items_L,potentially_synthesis_critical,numeric,0.30303030303030304
EXT-16-60dbd5498af5,16,concentration_items_L,potentially_synthesis_critical,numeric,0.30303030303030304
EXT-16-ab6cfc12bfbb,16,concentration_items_L,potentially_synthesis_critical,numeric,0.30303030303030304
EXT-16-49c697cf5eff,16,concentration_items_L,potentially_synthesis_critical,numeric,0.30303030303030304
EXT-16-b3b83947f713,16,concentration_items_L,potentially_synthesis_critical,numeric,0.30303030303030304
EXT-16-89fdc15ae93f,16,concentration_items_L,potentially_synthesis_critical,numeric,0.30303030303030304
EXT-16-093ab8ac08aa,16,concentration_items_L,potentially_synthesis_critical,numeric,0.30303030303030304
EXT-16-89cf688ab244,16,sample_size,potentially_synthesis_critical,numeric,0.30303030303030304
EXT-16-1650c20dc239,16,concentration_items_L,potentially_synthesis_critical,numeric,1.0
EXT-16-f212bf9b40af,16,sample_size,potentially_synthesis_critical,numeric,1.0
EXT-16-c12cd7a728f3,16,concentration_items_L,potentially_synthesis_critical,numeric,1.0
EXT-16-6c45fc286390,16,sample_size,potentially_synthesis_critical,numeric,0.053763440860215055
EXT-16-64db10c3ca2a,16,concentration_items_L,potentially_synthesis_critical,numeric,0.053763440860215055
EXT-16-ce28b777bceb,16,sample_size,potentially_synthesis_critical,numeric,0.053763440860215055
EXT-16-1704452491dc,16,concentration_items_L,potentially_synthesis_critical,numeric,0.053763440860215055
EXT-16-3d5fb4449b48,16,sample_size,potentially_synthesis_critical,numeric,0.053763440860215055
EXT-16-1566c1c9d61e,16,concentration_items_L,potentially_synthesis_critical,numeric,0.053763440860215055
EXT-16-cb7d5fd3ee99,16,concentration_items_L,potentially_synthesis_critical,numeric,0.053763440860215055
EXT-16-b9e6184af520,16,concentration_items_L,potentially_synthesis_critical,numeric,0.053763440860215055
EXT-16-4bc57afe82c7,16,sample_size,potentially_synthesis_critical,numeric,0.053763440860215055
EXT-16-3218644cefff,16,sample_size,potentially_synthesis_critical,numeric,0.053763440860215055
EXT-17-43e27fdd160f,17,benchmark,categorical,categorical,0.01466275659824047
EXT-17-d1dd102928cd,17,benchmark,categorical,categorical,0.01466275659824047
EXT-17-0fbffdf1c610,17,study_design,categorical,categorical,0.01466275659824047
EXT-17-4e6dad4d32cd,17,task_type,categorical,categorical,0.01466275659824047
EXT-17-dff6523e3e8a,17,study_design,categorical,categorical,0.01466275659824047
EXT-17-02d1821dab71,17,model_name,categorical,categorical,0.01466275659824047
EXT-17-e6d60d52bba0,17,study_design,categorical,categorical,0.01466275659824047
EXT-17-eaadf0785906,17,study_design,categorical,categorical,0.01466275659824047
EXT-17-06d61f105731,17,task_type,categorical,categorical,0.01466275659824047
EXT-17-f7260285cb37,17,task_type,categorical,categorical,0.01466275659824047
EXT-17-aa476d43d5e5,17,model_name,categorical,categorical,1.0
EXT-17-5541abd82342,17,model_name,categorical,categorical,1.0
EXT-17-30eba066ff52,17,model_name,categorical,categorical,1.0
EXT-17-dfe6cc0d017d,17,model_name,categorical,categorical,1.0
EXT-17-fab7a3872517,17,model_name,categorical,categorical,1.0
EXT-17-aba8fc953263,17,model_name,categorical,categorical,0.08849557522123894
EXT-17-21ce262e4bfb,17,model_name,categorical,categorical,0.08849557522123894
EXT-17-3131e84efe63,17,study_design,categorical,categorical,0.08849557522123894
EXT-17-925d546b33a4,17,model_name,categorical,categorical,0.08849557522123894
EXT-17-83d2175ce09e,17,study_design,categorical,categorical,0.08849557522123894
EXT-17-54033f7c7916,17,study_design,categorical,categorical,0.08849557522123894
EXT-17-5e87c52d978c,17,study_design,categorical,categorical,0.08849557522123894
EXT-17-d8510edf8d51,17,model_name,categorical,categorical,0.08849557522123894
EXT-17-9af6d0516606,17,model_name,categorical,categorical,0.08849557522123894
EXT-17-6b42f7293fff,17,model_name,categorical,categorical,0.08849557522123894
EXT-17-de8a550021a2,17,parameter_count_B,other_numeric,numeric,0.6666666666666666
EXT-17-da37c83eff29,17,parameter_count_B,other_numeric,numeric,0.6666666666666666
EXT-17-4e64f16b7fc5,17,year,other_numeric,numeric,0.6666666666666666
EXT-17-e722d17d3928,17,parameter_count_B,other_numeric,numeric,0.6666666666666666
EXT-17-d673fb9667ba,17,parameter_count_B,other_numeric,numeric,0.6666666666666666
EXT-17-040bf7170929,17,year,other_numeric,numeric,0.6666666666666666
EXT-17-20896bb279e5,17,year,other_numeric,numeric,0.6666666666666666
EXT-17-60383d75c1dd,17,year,other_numeric,numeric,0.6666666666666666
EXT-17-bfc290bb30fb,17,parameter_count_B,other_numeric,numeric,0.6666666666666666
EXT-17-5d8bca74139f,17,year,other_numeric,numeric,0.6666666666666666
EXT-17-857d63e248a5,17,year,other_numeric,numeric,1.0
EXT-17-5763a4c8c9bd,17,parameter_count_B,other_numeric,numeric,1.0
EXT-17-f9789250f2a9,17,parameter_count_B,other_numeric,numeric,1.0
EXT-17-52381b0f2220,17,year,other_numeric,numeric,0.02617801047120419
EXT-17-7b6c6f8743b5,17,year,other_numeric,numeric,0.02617801047120419
EXT-17-31deb1c994a8,17,year,other_numeric,numeric,0.02617801047120419
EXT-17-62371f33f9d4,17,parameter_count_B,other_numeric,numeric,0.02617801047120419
EXT-17-7b04185ee035,17,parameter_count_B,other_numeric,numeric,0.02617801047120419
EXT-17-34169a7a59fe,17,year,other_numeric,numeric,0.02617801047120419
EXT-17-44c12ba0146e,17,parameter_count_B,other_numeric,numeric,0.02617801047120419
EXT-17-7431afe9b8b0,17,year,other_numeric,numeric,0.02617801047120419
EXT-17-3c98fcef8d5d,17,parameter_count_B,other_numeric,numeric,0.02617801047120419
EXT-17-7ba180e058c8,17,year,other_numeric,numeric,0.02617801047120419
EXT-17-1131995f56ca,17,accuracy_percent,potentially_synthesis_critical,numeric,0.19230769230769232
EXT-17-36be32938778,17,accuracy_percent,potentially_synthesis_critical,numeric,0.19230769230769232
EXT-17-829ab6258b1a,17,accuracy_percent,potentially_synthesis_critical,numeric,0.19230769230769232
EXT-17-045efa78939c,17,accuracy_percent,potentially_synthesis_critical,numeric,0.19230769230769232
EXT-17-e7872a476a5a,17,accuracy_percent,potentially_synthesis_critical,numeric,0.19230769230769232
EXT-17-5b47bea61daa,17,accuracy_percent,potentially_synthesis_critical,numeric,0.19230769230769232
EXT-17-6c0cdd2b4816,17,accuracy_percent,potentially_synthesis_critical,numeric,0.19230769230769232
EXT-17-f836a1cf11c1,17,accuracy_percent,potentially_synthesis_critical,numeric,0.19230769230769232
EXT-17-5a8ab3a9975c,17,accuracy_percent,potentially_synthesis_critical,numeric,0.19230769230769232
EXT-17-66a362634bf5,17,accuracy_percent,potentially_synthesis_critical,numeric,0.19230769230769232
EXT-17-93e69ff1eebb,17,accuracy_percent,potentially_synthesis_critical,numeric,1.0
EXT-17-71698bed8ad0,17,accuracy_percent,potentially_synthesis_critical,numeric,1.0
EXT-17-3a6dbfcccc1c,17,accuracy_percent,potentially_synthesis_critical,numeric,1.0
EXT-17-faf6f36dd37b,17,accuracy_percent,potentially_synthesis_critical,numeric,1.0
EXT-17-14c1e918507b,17,accuracy_percent,potentially_synthesis_critical,numeric,1.0
EXT-17-1ca659595e06,17,accuracy_percent,potentially_synthesis_critical,numeric,1.0
EXT-17-af425e72c6c2,17,accuracy_percent,potentially_synthesis_critical,numeric,1.0
EXT-17-0c1b42d057bf,17,accuracy_percent,potentially_synthesis_critical,numeric,0.07092198581560284
EXT-17-cd4ef3703edb,17,accuracy_percent,potentially_synthesis_critical,numeric,0.07092198581560284
EXT-17-5699610d63a1,17,accuracy_percent,potentially_synthesis_critical,numeric,0.07092198581560284
EXT-17-93dd9d5554f7,17,accuracy_percent,potentially_synthesis_critical,numeric,0.07092198581560284
EXT-17-bf7c70e63ab9,17,accuracy_percent,potentially_synthesis_critical,numeric,0.07092198581560284
EXT-17-be776dd130af,17,accuracy_percent,potentially_synthesis_critical,numeric,0.07092198581560284
EXT-17-1efb578cd537,17,accuracy_percent,potentially_synthesis_critical,numeric,0.07092198581560284
EXT-17-f309bf1d6fba,17,accuracy_percent,potentially_synthesis_critical,numeric,0.07092198581560284
EXT-17-a4000559919e,17,accuracy_percent,potentially_synthesis_critical,numeric,0.07092198581560284
EXT-17-95dd77932aa3,17,accuracy_percent,potentially_synthesis_critical,numeric,0.07092198581560284
EXT-18-fa60f6be9898,18,privacy_mechanism,categorical,categorical,0.017271157167530225
EXT-18-87c488b89bb5,18,study_design,categorical,categorical,0.017271157167530225
EXT-18-caca9b5ae1d1,18,privacy_mechanism,categorical,categorical,0.017271157167530225
EXT-18-6911d355fa59,18,privacy_mechanism,categorical,categorical,0.017271157167530225
EXT-18-c2cbf81b8bf5,18,study_design,categorical,categorical,0.017271157167530225
EXT-18-4d4a48cb0258,18,aggregation_algorithm,categorical,categorical,0.017271157167530225
EXT-18-675c45865d77,18,dataset,categorical,categorical,0.017271157167530225
EXT-18-10ff930e3226,18,study_design,categorical,categorical,0.017271157167530225
EXT-18-1b233efca9cd,18,aggregation_algorithm,categorical,categorical,0.017271157167530225
EXT-18-07f1937ed65a,18,privacy_mechanism,categorical,categorical,0.017271157167530225
EXT-18-78d614788a32,18,study_design,categorical,categorical,1.0
EXT-18-ed494802610c,18,aggregation_algorithm,categorical,categorical,1.0
EXT-18-50f087d8d5ab,18,dataset,categorical,categorical,1.0
EXT-18-d93190fe8703,18,study_design,categorical,categorical,1.0
EXT-18-726023f49e5b,18,dataset,categorical,categorical,1.0
EXT-18-e61d0ebdecc3,18,study_design,categorical,categorical,1.0
EXT-18-83527c47b8de,18,dataset,categorical,categorical,1.0
EXT-18-0a4036570baf,18,aggregation_algorithm,categorical,categorical,1.0
EXT-18-dba4c80fb377,18,study_design,categorical,categorical,0.046948356807511735
EXT-18-c14a2a9c2d61,18,aggregation_algorithm,categorical,categorical,0.046948356807511735
EXT-18-ffecb9c8a28e,18,aggregation_algorithm,categorical,categorical,0.046948356807511735
EXT-18-2b158343db41,18,dataset,categorical,categorical,0.046948356807511735
EXT-18-de6fcd91f3be,18,dataset,categorical,categorical,0.046948356807511735
EXT-18-23294df559b6,18,dataset,categorical,categorical,0.046948356807511735
EXT-18-79c063676f0b,18,privacy_mechanism,categorical,categorical,0.046948356807511735
EXT-18-7f4e9a848792,18,aggregation_algorithm,categorical,categorical,0.046948356807511735
EXT-18-af4b6db5de46,18,dataset,categorical,categorical,0.046948356807511735
EXT-18-60212b164869,18,dataset,categorical,categorical,0.046948356807511735
EXT-18-92081766ad3a,18,n_clients,other_numeric,numeric,0.5
EXT-18-4b24eb08a6f9,18,privacy_budget_epsilon,other_numeric,numeric,0.5
EXT-18-af46cc3a1c21,18,n_clients,other_numeric,numeric,0.5
EXT-18-f5aabceaa9a4,18,privacy_budget_epsilon,other_numeric,numeric,0.5
EXT-18-65d4deb55bc2,18,n_clients,other_numeric,numeric,0.5
EXT-18-ff41b831c9a2,18,n_clients,other_numeric,numeric,0.5
EXT-18-733cad182c0d,18,privacy_budget_epsilon,other_numeric,numeric,0.5
EXT-18-f48e6ab53d69,18,privacy_budget_epsilon,other_numeric,numeric,0.5
EXT-18-eb071316f898,18,n_clients,other_numeric,numeric,0.5
EXT-18-a16d63c51ffe,18,privacy_budget_epsilon,other_numeric,numeric,0.5
EXT-18-18538f790279,18,n_clients,other_numeric,numeric,1.0
EXT-18-750fbb2627be,18,privacy_budget_epsilon,other_numeric,numeric,1.0
EXT-18-78dc87faef11,18,privacy_budget_epsilon,other_numeric,numeric,1.0
EXT-18-0b5b39026b3d,18,privacy_budget_epsilon,other_numeric,numeric,0.026525198938992044
EXT-18-a70720608e57,18,n_clients,other_numeric,numeric,0.026525198938992044
EXT-18-b551f43779aa,18,privacy_budget_epsilon,other_numeric,numeric,0.026525198938992044
EXT-18-4277655e8e4b,18,privacy_budget_epsilon,other_numeric,numeric,0.026525198938992044
EXT-18-2968d94c4967,18,n_clients,other_numeric,numeric,0.026525198938992044
EXT-18-d6ee2ab604d3,18,privacy_budget_epsilon,other_numeric,numeric,0.026525198938992044
EXT-18-65ea000f0e96,18,privacy_budget_epsilon,other_numeric,numeric,0.026525198938992044
EXT-18-1aeb8e45f3c6,18,n_clients,other_numeric,numeric,0.026525198938992044
EXT-18-5c66e4d12691,18,privacy_budget_epsilon,other_numeric,numeric,0.026525198938992044
EXT-18-7527d7a9c76c,18,n_clients,other_numeric,numeric,0.026525198938992044
EXT-18-c69ce6d88294,18,accuracy_percent,potentially_synthesis_critical,numeric,0.25
EXT-18-8443663df1e9,18,accuracy_percent,potentially_synthesis_critical,numeric,0.25
EXT-18-2914316de5c9,18,accuracy_percent,potentially_synthesis_critical,numeric,0.25
EXT-18-8e1c3fe29390,18,accuracy_percent,potentially_synthesis_critical,numeric,0.25
EXT-18-79d4a2370ca8,18,accuracy_percent,potentially_synthesis_critical,numeric,0.25
EXT-18-f77a908ffbd4,18,accuracy_percent,potentially_synthesis_critical,numeric,0.25
EXT-18-293a9ea7135d,18,accuracy_percent,potentially_synthesis_critical,numeric,0.25
EXT-18-c7d54724093c,18,accuracy_percent,potentially_synthesis_critical,numeric,0.25
EXT-18-0bcb55a0d0c0,18,accuracy_percent,potentially_synthesis_critical,numeric,0.25
EXT-18-26c34a1bf582,18,accuracy_percent,potentially_synthesis_critical,numeric,0.25
EXT-18-13fa2080d4b8,18,accuracy_percent,potentially_synthesis_critical,numeric,1.0
EXT-18-120eab69b437,18,accuracy_percent,potentially_synthesis_critical,numeric,1.0
EXT-18-3a8da2dd6a74,18,accuracy_percent,potentially_synthesis_critical,numeric,1.0
EXT-18-6601e96b56d7,18,accuracy_percent,potentially_synthesis_critical,numeric,1.0
EXT-18-445c8799f5ff,18,accuracy_percent,potentially_synthesis_critical,numeric,0.0641025641025641
EXT-18-35bb2d4e0d79,18,accuracy_percent,potentially_synthesis_critical,numeric,0.0641025641025641
EXT-18-75abe5245cc0,18,accuracy_percent,potentially_synthesis_critical,numeric,0.0641025641025641
EXT-18-173b422747bc,18,accuracy_percent,potentially_synthesis_critical,numeric,0.0641025641025641
EXT-18-8b9e0cbbe499,18,accuracy_percent,potentially_synthesis_critical,numeric,0.0641025641025641
EXT-18-60a08e0c1412,18,accuracy_percent,potentially_synthesis_critical,numeric,0.0641025641025641
EXT-18-611cd56ca8b8,18,accuracy_percent,potentially_synthesis_critical,numeric,0.0641025641025641
EXT-18-ce378ff3009a,18,accuracy_percent,potentially_synthesis_critical,numeric,0.0641025641025641
EXT-18-b030c7a2e261,18,accuracy_percent,potentially_synthesis_critical,numeric,0.0641025641025641
EXT-18-66f740ac5eec,18,accuracy_percent,potentially_synthesis_critical,numeric,0.0641025641025641
EXT-19-36f4b747fb90,19,methodology,categorical,categorical,0.012345679012345678
EXT-19-c8215e1d525f,19,application_domain,categorical,categorical,0.012345679012345678
EXT-19-ba6f6e653f3d,19,study_design,categorical,categorical,0.012345679012345678
EXT-19-5d0713f8ae81,19,key_principle,categorical,categorical,0.012345679012345678
EXT-19-f4344205895d,19,application_domain,categorical,categorical,0.012345679012345678
EXT-19-46425bb589c2,19,application_domain,categorical,categorical,0.012345679012345678
EXT-19-21933206668d,19,methodology,categorical,categorical,0.012345679012345678
EXT-19-772dced97bd2,19,ethical_framework,categorical,categorical,0.012345679012345678
EXT-19-2ce164af5a7a,19,key_principle,categorical,categorical,0.012345679012345678
EXT-19-ed5da6821e4d,19,methodology,categorical,categorical,0.012345679012345678
EXT-19-3f2f2f7002c7,19,key_principle,categorical,categorical,1.0
EXT-19-ee3802bf98f0,19,application_domain,categorical,categorical,1.0
EXT-19-2c34e35de393,19,methodology,categorical,categorical,1.0
EXT-19-735f9a7f3e9f,19,methodology,categorical,categorical,1.0
EXT-19-a8314376d6e9,19,methodology,categorical,categorical,1.0
EXT-19-23449cfd2810,19,methodology,categorical,categorical,1.0
EXT-19-0fa4748ba3a9,19,key_principle,categorical,categorical,1.0
EXT-19-e03cfc8f0608,19,methodology,categorical,categorical,0.0546448087431694
EXT-19-25add6f47051,19,methodology,categorical,categorical,0.0546448087431694
EXT-19-ab39cedf492a,19,study_design,categorical,categorical,0.0546448087431694
EXT-19-391086ae0e4b,19,methodology,categorical,categorical,0.0546448087431694
EXT-19-a130522b7c4a,19,study_design,categorical,categorical,0.0546448087431694
EXT-19-c64e209455ed,19,methodology,categorical,categorical,0.0546448087431694
EXT-19-b14570013883,19,study_design,categorical,categorical,0.0546448087431694
EXT-19-a560f220d672,19,study_design,categorical,categorical,0.0546448087431694
EXT-19-47786ece520a,19,study_design,categorical,categorical,0.0546448087431694
EXT-19-38cb9b1ca072,19,ethical_framework,categorical,categorical,0.0546448087431694
EXT-19-ed9e22c3e8c8,19,sample_size,potentially_synthesis_critical,numeric,0.5
EXT-19-1897d3b7b131,19,sample_size,potentially_synthesis_critical,numeric,0.5
EXT-19-5dc6533be6a2,19,sample_size,potentially_synthesis_critical,numeric,0.5
EXT-19-eb4da965094d,19,sample_size,potentially_synthesis_critical,numeric,0.5
EXT-19-4d13b5b029de,19,sample_size,potentially_synthesis_critical,numeric,0.5
EXT-19-6fb18ae33ed8,19,sample_size,potentially_synthesis_critical,numeric,0.5
EXT-19-1ac1f59a3d1a,19,sample_size,potentially_synthesis_critical,numeric,0.5
EXT-19-321d3916f466,19,sample_size,potentially_synthesis_critical,numeric,0.5
EXT-19-012bdde1c20f,19,sample_size,potentially_synthesis_critical,numeric,0.5
EXT-19-b665d8944f46,19,sample_size,potentially_synthesis_critical,numeric,0.5
EXT-19-5d1ca0bc61dc,19,sample_size,potentially_synthesis_critical,numeric,0.05555555555555555
EXT-19-4cba7b3f473c,19,sample_size,potentially_synthesis_critical,numeric,0.05555555555555555
EXT-19-ef5807ea7ad9,19,sample_size,potentially_synthesis_critical,numeric,0.05555555555555555
EXT-19-bcd52c6b25f9,19,sample_size,potentially_synthesis_critical,numeric,0.05555555555555555
EXT-19-1e3fe1e0608b,19,sample_size,potentially_synthesis_critical,numeric,0.05555555555555555
EXT-19-341855c0a83c,19,sample_size,potentially_synthesis_critical,numeric,0.05555555555555555
EXT-19-f094919b8e63,19,sample_size,potentially_synthesis_critical,numeric,0.05555555555555555
EXT-19-f90ca2437c52,19,sample_size,potentially_synthesis_critical,numeric,0.05555555555555555
EXT-19-85574fc4eded,19,sample_size,potentially_synthesis_critical,numeric,0.05555555555555555
EXT-19-e29ab0cbbc1f,19,sample_size,potentially_synthesis_critical,numeric,0.05555555555555555
EXT-20-46ab1bc0236e,20,industry_sector,categorical,categorical,0.014204545454545454
EXT-20-4efe796c98f2,20,dl_architecture,categorical,categorical,0.014204545454545454
EXT-20-1b5b653bf83a,20,industry_sector,categorical,categorical,0.014204545454545454
EXT-20-fb301cb828db,20,fault_type,categorical,categorical,0.014204545454545454
EXT-20-d6dcb695fdf3,20,fault_type,categorical,categorical,0.014204545454545454
EXT-20-8a5ef6c8a401,20,industry_sector,categorical,categorical,0.014204545454545454
EXT-20-4c10e7ee0562,20,fault_type,categorical,categorical,0.014204545454545454
EXT-20-1d3c78d5294a,20,dl_architecture,categorical,categorical,0.014204545454545454
EXT-20-c3046802f037,20,study_design,categorical,categorical,0.014204545454545454
EXT-20-f21f62fc91c0,20,fault_type,categorical,categorical,0.014204545454545454
EXT-20-28d878a46d82,20,industry_sector,categorical,categorical,1.0
EXT-20-5036f061fe78,20,fault_type,categorical,categorical,1.0
EXT-20-31a7545a3196,20,fault_type,categorical,categorical,1.0
EXT-20-aa9672b45b56,20,study_design,categorical,categorical,1.0
EXT-20-68944ebd96bd,20,industry_sector,categorical,categorical,1.0
EXT-20-f33efdbfd38f,20,study_design,categorical,categorical,0.10989010989010989
EXT-20-e660314dd0cc,20,fault_type,categorical,categorical,0.10989010989010989
EXT-20-46c131d7a73c,20,fault_type,categorical,categorical,0.10989010989010989
EXT-20-103fb71f072b,20,study_design,categorical,categorical,0.10989010989010989
EXT-20-bd2214c481f2,20,fault_type,categorical,categorical,0.10989010989010989
EXT-20-593af2e18e58,20,fault_type,categorical,categorical,0.10989010989010989
EXT-20-bc77a60f9a5e,20,study_design,categorical,categorical,0.10989010989010989
EXT-20-3076e0d286a3,20,study_design,categorical,categorical,0.10989010989010989
EXT-20-f69f84ce0945,20,study_design,categorical,categorical,0.10989010989010989
EXT-20-162346ed883a,20,fault_type,categorical,categorical,0.10989010989010989
EXT-20-d114298cdaaa,20,dataset_size,other_numeric,numeric,0.4
EXT-20-f6b7cda28f67,20,dataset_size,other_numeric,numeric,0.4
EXT-20-a6dc72f837e7,20,dataset_size,other_numeric,numeric,0.4
EXT-20-8547dcc0ba34,20,dataset_size,other_numeric,numeric,0.4
EXT-20-e18d16e94563,20,dataset_size,other_numeric,numeric,0.4
EXT-20-1cc33622a8bd,20,dataset_size,other_numeric,numeric,0.4
EXT-20-74c6cca5133a,20,dataset_size,other_numeric,numeric,0.4
EXT-20-58a67f82d774,20,dataset_size,other_numeric,numeric,0.4
EXT-20-a1db83265ed8,20,dataset_size,other_numeric,numeric,0.4
EXT-20-4306c89ad8cf,20,dataset_size,other_numeric,numeric,0.4
EXT-20-793525274898,20,dataset_size,other_numeric,numeric,1.0
EXT-20-7d4f849d82ac,20,dataset_size,other_numeric,numeric,1.0
EXT-20-aa55ec1a331a,20,dataset_size,other_numeric,numeric,1.0
EXT-20-76f3455a887e,20,dataset_size,other_numeric,numeric,1.0
EXT-20-6c9d3793d3a8,20,dataset_size,other_numeric,numeric,1.0
EXT-20-830b2be97e02,20,dataset_size,other_numeric,numeric,0.058823529411764705
EXT-20-346143549d72,20,dataset_size,other_numeric,numeric,0.058823529411764705
EXT-20-da471e895fcf,20,dataset_size,other_numeric,numeric,0.058823529411764705
EXT-20-49138e869c36,20,dataset_size,other_numeric,numeric,0.058823529411764705
EXT-20-31761376143a,20,dataset_size,other_numeric,numeric,0.058823529411764705
EXT-20-08ee85189060,20,dataset_size,other_numeric,numeric,0.058823529411764705
EXT-20-c6ee7bfe4d20,20,dataset_size,other_numeric,numeric,0.058823529411764705
EXT-20-6a46f9d30f4e,20,dataset_size,other_numeric,numeric,0.058823529411764705
EXT-20-94c898c8432b,20,dataset_size,other_numeric,numeric,0.058823529411764705
EXT-20-24733aba01ac,20,dataset_size,other_numeric,numeric,0.058823529411764705
EXT-20-aeb9a2a95a2b,20,accuracy_percent,potentially_synthesis_critical,numeric,0.15384615384615385
EXT-20-24b3e6d5e4e5,20,accuracy_percent,potentially_synthesis_critical,numeric,0.15384615384615385
EXT-20-ce0b8bd846f8,20,accuracy_percent,potentially_synthesis_critical,numeric,0.15384615384615385
EXT-20-7ef3ca556a5b,20,accuracy_percent,potentially_synthesis_critical,numeric,0.15384615384615385
EXT-20-414450fb82a6,20,accuracy_percent,potentially_synthesis_critical,numeric,0.15384615384615385
EXT-20-09a3cfd8db35,20,accuracy_percent,potentially_synthesis_critical,numeric,0.15384615384615385
EXT-20-30d5e93e824e,20,accuracy_percent,potentially_synthesis_critical,numeric,0.15384615384615385
EXT-20-276d5873c536,20,accuracy_percent,potentially_synthesis_critical,numeric,0.15384615384615385
EXT-20-0891cb31ee3c,20,accuracy_percent,potentially_synthesis_critical,numeric,0.15384615384615385
EXT-20-9e7600ebbf8d,20,accuracy_percent,potentially_synthesis_critical,numeric,0.15384615384615385
EXT-20-c7f37592409a,20,accuracy_percent,potentially_synthesis_critical,numeric,1.0
EXT-20-157d50002b4c,20,accuracy_percent,potentially_synthesis_critical,numeric,1.0
EXT-20-23ea5387230c,20,accuracy_percent,potentially_synthesis_critical,numeric,1.0
EXT-20-52f4aaf2db73,20,f1_score,potentially_synthesis_critical,numeric,1.0
EXT-20-55a42ab6f977,20,f1_score,potentially_synthesis_critical,numeric,0.030211480362537766
EXT-20-2bb95842663e,20,f1_score,potentially_synthesis_critical,numeric,0.030211480362537766
EXT-20-a8eecce135a0,20,accuracy_percent,potentially_synthesis_critical,numeric,0.030211480362537766
EXT-20-e55703b57144,20,f1_score,potentially_synthesis_critical,numeric,0.030211480362537766
EXT-20-2d35bace74a1,20,f1_score,potentially_synthesis_critical,numeric,0.030211480362537766
EXT-20-d4dcbb8339ed,20,f1_score,potentially_synthesis_critical,numeric,0.030211480362537766
EXT-20-0a22862263c7,20,accuracy_percent,potentially_synthesis_critical,numeric,0.030211480362537766
EXT-20-dbf8e2d8fed0,20,accuracy_percent,potentially_synthesis_critical,numeric,0.030211480362537766
EXT-20-b63da89f49c8,20,f1_score,potentially_synthesis_critical,numeric,0.030211480362537766
EXT-20-dbfa0df4c4df,20,f1_score,potentially_synthesis_critical,numeric,0.030211480362537766
